{
  "_runtime": 1609.980604762,
  "_step": 64,
  "_timestamp": 1775006643.200502,
  "_wandb.runtime": 1609,
  "eval/audio_eval_loss": 1.4643011093139648,
  "eval/eval_loss": 1.8202292919158936,
  "eval/perplexity": 3.5313732624053955,
  "eval/text_eval_loss": 0.3559281826019287,
  "eval/train_loss": 1.8035109043121336,
  "gen_eval/grounding_n_claims": 0,
  "gen_eval/grounding_n_correct": 0,
  "gen_eval/grounding_n_fabricated": 0,
  "gen_eval/grounding_n_garbled": 0,
  "gen_eval/n_dialogues_ok": 0,
  "train/allocated_mem": 20.276592254638672,
  "train/audio_cb0_loss": 0.8100274959040982,
  "train/audio_cb10_loss": 1.7908768508038435,
  "train/audio_cb11_loss": 1.8877175993832576,
  "train/audio_cb12_loss": 1.8259257267509008,
  "train/audio_cb13_loss": 1.954897844867412,
  "train/audio_cb14_loss": 2.029456402164372,
  "train/audio_cb15_loss": 1.9891092032015152,
  "train/audio_cb1_loss": 1.2547026225977085,
  "train/audio_cb2_loss": 1.610601951573039,
  "train/audio_cb3_loss": 1.655614417790816,
  "train/audio_cb4_loss": 1.6946325244848932,
  "train/audio_cb5_loss": 1.745735174801349,
  "train/audio_cb6_loss": 1.83573213584496,
  "train/audio_cb7_loss": 1.8273096790400072,
  "train/audio_cb8_loss": 1.221834365481355,
  "train/audio_cb9_loss": 1.45585302278712,
  "train/audio_loss": 1.4855362176895142,
  "train/avg_wps": 12245.621033413,
  "train/ctx_injected_pct": 0,
  "train/ctx_samples": 0,
  "train/eta_in_seconds": 4264.7081644535065,
  "train/loss": 1.8035109043121336,
  "train/lr": 1.7891413528343562e-05,
  "train/peak_allocated_mem": 36.448344230651855,
  "train/percent_done": 25,
  "train/prob_real_tokens": 0.8068639705882353,
  "train/text_loss": 0.31797468662261963,
  "train/wps": 7830.795020598922
}