{
  "_runtime": 9194.635763172,
  "_step": 143,
  "_timestamp": 1775427556.4718385,
  "_wandb.runtime": 9194,
  "eval/audio_eval_loss": 1.3826439380645752,
  "eval/eval_loss": 1.9920858144760132,
  "eval/eval_pred_pad_pct": 61.94074074074074,
  "eval/eval_real_token_pct": 16.32273520079013,
  "eval/pad_token_eval_loss": 1.1709105670452118,
  "eval/perplexity": 3.9781172275543217,
  "eval/real_token_eval_loss": 0.6094420154889425,
  "eval/text_eval_loss": 0.6094419956207275,
  "eval/train_loss": 1.306335687637329,
  "gen_eval/audio/eval_ace_inhibitor_lapse": "{'_type': 'audio-file', 'path': 'media/audio/gen_eval/audio/eval_ace_inhibitor_lapse_128_fb9c9603950a5098b043.mp3', 'sha256': 'fb9c9603950a5098b0439e32ce1e3123c21b2c3d94ca3be6cb775507f83e5638', 'size': 1255845}",
  "gen_eval/audio/eval_anticoagulant_routine": "{'_type': 'audio-file', 'path': 'media/audio/gen_eval/audio/eval_anticoagulant_routine_128_0323e1a99a06507f3ed2.mp3', 'sha256': '0323e1a99a06507f3ed2e1d78abaa906434f85fbe1c639654497eb8f0c99b153', 'size': 1194333}",
  "gen_eval/audio/eval_glp1_checkin": "{'_type': 'audio-file', 'path': 'media/audio/gen_eval/audio/eval_glp1_checkin_128_8e2cd3edfd4d6fba30c3.mp3', 'sha256': '8e2cd3edfd4d6fba30c3f13bdd78b792483616b01724655be65a93329817f1a3', 'size': 1078893}",
  "gen_eval/audio/eval_ssri_dropoff": "{'_type': 'audio-file', 'path': 'media/audio/gen_eval/audio/eval_ssri_dropoff_128_5e3d7ff1f3c8c5192f84.mp3', 'sha256': '5e3d7ff1f3c8c5192f8437535251cdc8ed7aff47448186505256713be98e1d3c', 'size': 1351773}",
  "gen_eval/audio/eval_statin_baseline": "{'_type': 'audio-file', 'path': 'media/audio/gen_eval/audio/eval_statin_baseline_128_6df01726593f85f0fad3.mp3', 'sha256': '6df01726593f85f0fad39a2d09b85942155652a2a734cd1b956ac075f32f34ed', 'size': 1442133}",
  "gen_eval/backchannel_rate_per_hour": 12,
  "gen_eval/coherence_mean": 1,
  "gen_eval/effectiveness_mean": 1,
  "gen_eval/grounding_correct_pct": 50,
  "gen_eval/grounding_mean": 3,
  "gen_eval/grounding_n_claims": 6,
  "gen_eval/grounding_n_correct": 3,
  "gen_eval/grounding_n_fabricated": 0,
  "gen_eval/grounding_n_garbled": 3,
  "gen_eval/injection_accuracy_pct": 100,
  "gen_eval/injection_usage_pct": 0,
  "gen_eval/longest_silence_s": 6,
  "gen_eval/loudness_interturn_sd": 4.769767038413333,
  "gen_eval/n_dialogues_ok": 5,
  "gen_eval/naturalness_mean": 1,
  "gen_eval/pct_overlap": 9.523809523809524,
  "gen_eval/review_table_step_128": "{'_latest_artifact_path': 'wandb-client-artifact://c7zu9mdw94faa1m0hwnpyhrv555h7trhalsjvc3hml7yd0wu21mss7k17lgpo3tgzlpageqo35pfct4f1wp3ipyrz8bco07riaeiiekt3ed1vq7i9ikiecjqzbc6hfrk:latest/gen_eval/review_table_step_128.table.json', '_type': 'table-file', 'artifact_path': 'wandb-client-artifact://b2gpqlv7ivy1yzhoemycbus3hs5zvrqpx343xn7485mejc4k3pkz8fim8puiujp1zxwg2hk3rndijzze4tflzyft9c7v4fj6ccmm0gyeazlo3j8cmtiaiiuh8krtmtgs/gen_eval/review_table_step_128.table.json', 'log_mode': 'IMMUTABLE', 'ncols': 13, 'nrows': 5, 'path': 'media/table/gen_eval/review_table_step_128_128_966a792b657d9bb402c9.table.json', 'sha256': '966a792b657d9bb402c96a06c0da6be3fec616e1735addbad434901479bb1ba3', 'size': 1437}",
  "gen_eval/review_table_step_64": "{'_latest_artifact_path': 'wandb-client-artifact://pepiiu5dlnizwxmvlpprm93bqgatfpg80o07s0jquz4vwxvz8ioo5m6uy9c7dgu7zixkq18ux1rx99qbm18yjzvnfmtcyvw0bc2mrixp5qe5obotz0akvxb9dz72mwn9:latest/gen_eval/review_table_step_64.table.json', '_type': 'table-file', 'artifact_path': 'wandb-client-artifact://1y9uck1u458li4bo735y1jrhevgika6a4cjpnd1utc0ih3oso0gxh7dkw8pn1lizuj68c343jbyzi90mxsqy6fkxxjg91wjlpl4bd5zvg0wbd4qg24tq5s8buhjywno4/gen_eval/review_table_step_64.table.json', 'log_mode': 'IMMUTABLE', 'ncols': 13, 'nrows': 5, 'path': 'media/table/gen_eval/review_table_step_64_64_556519c78ce4ed5b24bb.table.json', 'sha256': '556519c78ce4ed5b24bb930a0630e36503de8c6fb96c80c7d371ada95d68bff9', 'size': 1418}",
  "gen_eval/silence_pct": 7.4222222222222225,
  "gen_eval/speech_rate_wps": 3.792280559537291,
  "gen_eval/turn_duration_median_s": 1.225,
  "gen_eval/turn_gap_median_ms": 519.9999999999995,
  "train/allocated_mem": 20.51871156692505,
  "train/audio_cb0_loss": 0.7981363128266807,
  "train/audio_cb10_loss": 1.6053017452231684,
  "train/audio_cb11_loss": 1.6435533349575249,
  "train/audio_cb12_loss": 1.598826541118162,
  "train/audio_cb13_loss": 1.7029569064128585,
  "train/audio_cb14_loss": 1.7915809657201764,
  "train/audio_cb15_loss": 1.758606365098431,
  "train/audio_cb1_loss": 1.3400108014848735,
  "train/audio_cb2_loss": 1.778379644993941,
  "train/audio_cb3_loss": 1.7861482580059285,
  "train/audio_cb4_loss": 1.7983736518324531,
  "train/audio_cb5_loss": 1.8461106367100335,
  "train/audio_cb6_loss": 1.9717232920155667,
  "train/audio_cb7_loss": 1.9682869894219777,
  "train/audio_cb8_loss": 1.1182192124523536,
  "train/audio_cb9_loss": 1.3046566203425485,
  "train/audio_loss": 1.434486210346222,
  "train/avg_wps": 12181.81664942312,
  "train/ctx_injected_pct": 2.2083333333333335,
  "train/ctx_samples": 10,
  "train/eta_in_seconds": 22707.943155021934,
  "train/inj_drop_anchor": 0,
  "train/inj_drop_final": 0,
  "train/inj_drop_space": 0,
  "train/inj_in_window": 19,
  "train/inj_place_rate": 100,
  "train/inj_placed": 19,
  "train/inj_token_yield": 100,
  "train/inj_total": 56,
  "train/inj_truncated": 0,
  "train/lora_l2_loss": 0.000518798828125,
  "train/loss": 1.2929352521896362,
  "train/lr": 9.41198305138119e-06,
  "train/pad_token_loss": 1.1487647891044617,
  "train/peak_allocated_mem": 39.43436670303345,
  "train/percent_done": 24.03361344537815,
  "train/pred_pad_pct": 62.327777777777776,
  "train/prob_real_tokens": 0.7978643790849673,
  "train/real_token_loss": 0.5751733183860779,
  "train/real_token_pct": 15.53728949478749,
  "train/text_loss": 0.5751733183860779,
  "train/wps": 12365.38195841153
}