{
  "_runtime": 3753.794629153,
  "_step": 184,
  "_timestamp": 1775090781.0182896,
  "_wandb.runtime": 3753,
  "eval/audio_eval_loss": 1.395979642868042,
  "eval/eval_loss": 1.7170839309692385,
  "eval/perplexity": 3.2877120971679688,
  "eval/text_eval_loss": 0.3211042881011963,
  "eval/train_loss": 1.6616191864013672,
  "gen_eval/audio/eval_casual_hangout": "{'_type': 'audio-file', 'path': 'media/audio/gen_eval/audio/eval_casual_hangout_128_de8345dd8498476da91e.wav', 'sha256': 'de8345dd8498476da91ea6521cd7f5dca219363e8b7ee9b83454a7adf51e8318', 'size': 5760044}",
  "gen_eval/audio/eval_creative_project": "{'_type': 'audio-file', 'path': 'media/audio/gen_eval/audio/eval_creative_project_128_32db45be2660e2dff6bf.wav', 'sha256': '32db45be2660e2dff6bf79ee87871c8b5f8e114b096e7866c8e6e5d89435f636', 'size': 5760044}",
  "gen_eval/audio/eval_life_decision": "{'_type': 'audio-file', 'path': 'media/audio/gen_eval/audio/eval_life_decision_128_03f074b624b71d634c45.wav', 'sha256': '03f074b624b71d634c45b0bae5f058762064ba2d2aeb1b874182a3dcca19d338', 'size': 5760044}",
  "gen_eval/audio/eval_relationship_advice": "{'_type': 'audio-file', 'path': 'media/audio/gen_eval/audio/eval_relationship_advice_128_c6b3eab1e414783c3f3e.wav', 'sha256': 'c6b3eab1e414783c3f3e35e4b22a5a223b2120749fba32452570a3c2dbecfd50', 'size': 5760044}",
  "gen_eval/audio/eval_venting_work": "{'_type': 'audio-file', 'path': 'media/audio/gen_eval/audio/eval_venting_work_128_037441de61664bc5fa14.wav', 'sha256': '037441de61664bc5fa1478b5406572159ec53981fb1b1b715c1275210415a493', 'size': 5760044}",
  "gen_eval/grounding_n_claims": 0,
  "gen_eval/grounding_n_correct": 0,
  "gen_eval/grounding_n_fabricated": 0,
  "gen_eval/grounding_n_garbled": 0,
  "gen_eval/longest_silence_s": 2.08,
  "gen_eval/n_dialogues_ok": 5,
  "gen_eval/review_table_step_128": "{'_latest_artifact_path': 'wandb-client-artifact://ivpamj40kkcicm4032tqkvpdyaibbq7nfyzd08xrpzq2q5iuymeox2h46l4h27zyeg8bol04lsg0cjqjj2wv6huznre1m5ftnneqk9rngx64rsmugmm5dvcp4nz3nsfo:latest/gen_eval/review_table_step_128.table.json', '_type': 'table-file', 'artifact_path': 'wandb-client-artifact://yjg0tpl525drjqy7smjtdd17w3zbztcmchqq8160zesn1afqo0cb8ngdvyiawrtu76wayi9n8gunrtxu4jrwsb5v3ha69maq8bjynfsw45egyzv92q68a64gb057tna6/gen_eval/review_table_step_128.table.json', 'log_mode': 'IMMUTABLE', 'ncols': 13, 'nrows': 5, 'path': 'media/table/gen_eval/review_table_step_128_128_c79a383c483271aa713f.table.json', 'sha256': 'c79a383c483271aa713f52f07c9941903a607c74039db5729541f17c46289ac4', 'size': 723}",
  "gen_eval/review_table_step_64": "{'_latest_artifact_path': 'wandb-client-artifact://ocw8sp8s939d7hsyj0k0x2mk18vws6qmx906h800jymh9vym4jueg5kpht4zyysvi04xyuzlor1k36gkw1zae58pnp2ezkwazs9jdm8q38l8jfo6t83f01qth7fs5htc:latest/gen_eval/review_table_step_64.table.json', '_type': 'table-file', 'artifact_path': 'wandb-client-artifact://zzazlib2lpijy72pnp2074d832gv028yptjn9olp9qs18a9suxd5376ngokj0co8fiqhok20xmfzd5c4sbhc36b6fwkv6orwp2a1c9dequmiauov33b1gu6f5dw4hysz/gen_eval/review_table_step_64.table.json', 'log_mode': 'IMMUTABLE', 'ncols': 13, 'nrows': 5, 'path': 'media/table/gen_eval/review_table_step_64_64_c79a383c483271aa713f.table.json', 'sha256': 'c79a383c483271aa713f52f07c9941903a607c74039db5729541f17c46289ac4', 'size': 723}",
  "gen_eval/silence_pct": 79.14666666666666,
  "train/allocated_mem": 19.79295969009399,
  "train/audio_cb0_loss": 0.8277159240988191,
  "train/audio_cb10_loss": 1.875814673109832,
  "train/audio_cb11_loss": 1.9302250651446795,
  "train/audio_cb12_loss": 1.918611689094586,
  "train/audio_cb13_loss": 2.0320566515634724,
  "train/audio_cb14_loss": 2.0817735882078408,
  "train/audio_cb15_loss": 2.0282285508711886,
  "train/audio_cb1_loss": 1.142708900513379,
  "train/audio_cb2_loss": 1.3800940465541385,
  "train/audio_cb3_loss": 1.4107681967563783,
  "train/audio_cb4_loss": 1.417578611154325,
  "train/audio_cb5_loss": 1.4591665613332296,
  "train/audio_cb6_loss": 1.5674553710329806,
  "train/audio_cb7_loss": 1.5154998152613566,
  "train/audio_cb8_loss": 1.4167132390071473,
  "train/audio_cb9_loss": 1.5321911947728688,
  "train/audio_loss": 1.345026969909668,
  "train/avg_wps": 12496.695720156798,
  "train/ctx_injected_pct": 0,
  "train/ctx_samples": 0,
  "train/eta_in_seconds": 1175.350695008817,
  "train/loss": 1.6966832876205444,
  "train/lr": 4.0223395288651195e-07,
  "train/peak_allocated_mem": 31.857221603393555,
  "train/percent_done": 71.875,
  "train/prob_real_tokens": 0.8685686274509804,
  "train/text_loss": 0.35165634751319885,
  "train/wps": 12643.995701055135
}