{
  "_runtime": 5734,
  "_step": 128,
  "_timestamp": 1775012799.5979328,
  "_wandb.runtime": 5734,
  "eval/audio_eval_loss": 1.4516998529434204,
  "eval/eval_loss": 1.801674485206604,
  "eval/perplexity": 3.486246347427368,
  "eval/text_eval_loss": 0.349974662065506,
  "eval/train_loss": 1.7436704635620115,
  "gen_eval/grounding_n_claims": 0,
  "gen_eval/grounding_n_correct": 0,
  "gen_eval/grounding_n_fabricated": 0,
  "gen_eval/grounding_n_garbled": 0,
  "gen_eval/n_dialogues_ok": 0,
  "train/allocated_mem": 22.211138248443604,
  "train/audio_cb0_loss": 0.8275952662019688,
  "train/audio_cb10_loss": 1.7958709431414712,
  "train/audio_cb11_loss": 1.817161246061909,
  "train/audio_cb12_loss": 1.8172018771565737,
  "train/audio_cb13_loss": 1.878920900635095,
  "train/audio_cb14_loss": 1.957997215207281,
  "train/audio_cb15_loss": 1.9461977890433568,
  "train/audio_cb1_loss": 1.215375079699455,
  "train/audio_cb2_loss": 1.5208354495361804,
  "train/audio_cb3_loss": 1.5797586434840225,
  "train/audio_cb4_loss": 1.5662549577749163,
  "train/audio_cb5_loss": 1.6327997051120169,
  "train/audio_cb6_loss": 1.7080851190178528,
  "train/audio_cb7_loss": 1.7065733688178226,
  "train/audio_cb8_loss": 1.258261426947484,
  "train/audio_cb9_loss": 1.42218871893284,
  "train/audio_loss": 1.4502745866775513,
  "train/avg_wps": 12446.877440040696,
  "train/ctx_injected_pct": 0,
  "train/ctx_samples": 0,
  "train/eta_in_seconds": 0,
  "train/loss": 1.7436704635620115,
  "train/lr": 8.000000000000001e-11,
  "train/peak_allocated_mem": 54.81285095214844,
  "train/percent_done": 100,
  "train/prob_real_tokens": 0.7777518382352941,
  "train/text_loss": 0.29339587688446045,
  "train/wps": 9639.71173878326
}