{
  "_runtime": 33382.153323757,
  "_step": 512,
  "_timestamp": 1775294909.0336428,
  "_wandb.runtime": 33382,
  "eval/audio_eval_loss": 1.4000164270401,
  "eval/eval_loss": 2.58986759185791,
  "eval/eval_pred_pad_pct": 66.31269841269841,
  "eval/eval_real_token_pct": 9.582468304181235,
  "eval/pad_token_eval_loss": 0.9539711901119776,
  "eval/perplexity": 6.020434379577637,
  "eval/real_token_eval_loss": 1.189851096698216,
  "eval/text_eval_loss": 1.18985116481781,
  "eval/train_loss": 1.928265690803528,
  "gen_eval/audio/eval_casual_hangout": "{'_type': 'audio-file', 'path': 'media/audio/gen_eval/audio/eval_casual_hangout_512_fe2d47c98104be2d5b18.wav', 'sha256': 'fe2d47c98104be2d5b1808a216c3eb093dcc56ee7700c2808f59472805a789e4', 'size': 5760044}",
  "gen_eval/audio/eval_creative_project": "{'_type': 'audio-file', 'path': 'media/audio/gen_eval/audio/eval_creative_project_512_55853329dcdacb7b39ef.wav', 'sha256': '55853329dcdacb7b39ef0481ca0138ddf11c729d0ad67f49de07712dc45484e8', 'size': 5760044}",
  "gen_eval/audio/eval_life_decision": "{'_type': 'audio-file', 'path': 'media/audio/gen_eval/audio/eval_life_decision_512_23346afc7510a1084032.wav', 'sha256': '23346afc7510a1084032f5c200d1d9cf84c52122bec037dc0432ccad7467bec9', 'size': 5760044}",
  "gen_eval/audio/eval_relationship_advice": "{'_type': 'audio-file', 'path': 'media/audio/gen_eval/audio/eval_relationship_advice_512_4e4f94a520a6fd497d77.wav', 'sha256': '4e4f94a520a6fd497d772ff8ef72371f25c8a98fb3911d7819b7308549fe2964', 'size': 5760044}",
  "gen_eval/audio/eval_venting_work": "{'_type': 'audio-file', 'path': 'media/audio/gen_eval/audio/eval_venting_work_512_384eeb04dd9e1a2ab1d9.wav', 'sha256': '384eeb04dd9e1a2ab1d9b0449366d1d4800db98dad925368e410c72092a8f248', 'size': 5760044}",
  "gen_eval/backchannel_rate_per_hour": 72,
  "gen_eval/coherence_mean": 1.2,
  "gen_eval/effectiveness_mean": 1.2,
  "gen_eval/grounding_correct_pct": 100,
  "gen_eval/grounding_mean": 5,
  "gen_eval/grounding_n_claims": 0,
  "gen_eval/grounding_n_correct": 0,
  "gen_eval/grounding_n_fabricated": 0,
  "gen_eval/grounding_n_garbled": 0,
  "gen_eval/longest_silence_s": 2.08,
  "gen_eval/loudness_interturn_sd": 4.116569894215621,
  "gen_eval/n_dialogues_ok": 5,
  "gen_eval/naturalness_mean": 1.6,
  "gen_eval/pct_overlap": 10.526315789473683,
  "gen_eval/review_table_step_128": "{'_latest_artifact_path': 'wandb-client-artifact://sxmy7n722ob8vb22e8bfs3wj91vb45wd6r6at7vs9cw1oal5a1hi3o1xzb5lsaajt9wyd14tbiyhivm49d23whzhofqjjigb29k6ttg3sh7zxgqy82vhb47d1sy0q7xe:latest/gen_eval/review_table_step_128.table.json', '_type': 'table-file', 'artifact_path': 'wandb-client-artifact://ggyfvcm4mzuc1k9ia9ad4wnbe3vo4t95tiktdqlfwogtqva87nfhta5jsti1vu4rdvwzgeuhi00vpn8whbx5b1j4buj6m46dfr3j7bik9gcmsyvfbsdjr5fxtkjk1bw8/gen_eval/review_table_step_128.table.json', 'log_mode': 'IMMUTABLE', 'ncols': 13, 'nrows': 5, 'path': 'media/table/gen_eval/review_table_step_128_128_2b63c6f81747af7f4216.table.json', 'sha256': '2b63c6f81747af7f4216312744d80d296d9e374c51f842baee530f23e21d32a2', 'size': 1638}",
  "gen_eval/review_table_step_160": "{'_latest_artifact_path': 'wandb-client-artifact://l5khxpos89ju21hle42xk7ehlen38sg8d4rlf34hpnekdl72hlwvoho5e1tvjefx3pyc3xj8gyz12sntjiufa0wpnds1ejbgxcgvd5ayfdmksrn4cd0i41svso7itq45:latest/gen_eval/review_table_step_160.table.json', '_type': 'table-file', 'artifact_path': 'wandb-client-artifact://zzyjtwj4kc44rfdxz7zpskcp00uqut4d1c85gqn6iysr77lg3gmwstya754qdvcun4iiae6oaenn64wsh4hf9i4m2od5gddgjko65cm20yvzu0k6w4sdf3zryo30wafu/gen_eval/review_table_step_160.table.json', 'log_mode': 'IMMUTABLE', 'ncols': 13, 'nrows': 5, 'path': 'media/table/gen_eval/review_table_step_160_160_db0df393d1474aad6166.table.json', 'sha256': 'db0df393d1474aad61664a81f8d98065e28cc0bb9e56b7d837e0a9fdc534548f', 'size': 1587}",
  "gen_eval/review_table_step_192": "{'_latest_artifact_path': 'wandb-client-artifact://m7m6c5e49by4wrl3vojebs58yz2fuhyygg2b8hiimxqdoa6fwcie4zi2l9muci7qxz3c5t7o5odz4oelyg24vfanodbx9biubqhirxkyi2j0cc8gbv7r2txknqaqaf1b:latest/gen_eval/review_table_step_192.table.json', '_type': 'table-file', 'artifact_path': 'wandb-client-artifact://t41aodjpm3t22mgt90z7k3yef32m3hccvjqy2ki91qzcephgii59p6t32pz0og3b8l2nsg3hvgay28e0kmiwn5q2b9lhquqr9m092ozki2qf5k44idbmytr8bu9kzsl7/gen_eval/review_table_step_192.table.json', 'log_mode': 'IMMUTABLE', 'ncols': 13, 'nrows': 5, 'path': 'media/table/gen_eval/review_table_step_192_192_cde57be806b650419de0.table.json', 'sha256': 'cde57be806b650419de083f8039b88f5834917efb7df7f63c0a40c4ead13887a', 'size': 1499}",
  "gen_eval/review_table_step_224": "{'_latest_artifact_path': 'wandb-client-artifact://eadgrtlztbt35rxtafruzxrx2krwg9reyhcpv0p0gazii3utns2mc1rj3xfq2kuswl049ujokett0x9bn7pnjybp36p9iss7y8x8xaoujccqitjqbw9mq01gvhuzzkzx:latest/gen_eval/review_table_step_224.table.json', '_type': 'table-file', 'artifact_path': 'wandb-client-artifact://a02ixrgr6uyt3pnrw2ehg6ahfhgpn2dus3kpczqqxjxzxgf03bqpjm4anny8qzt6o3tmu8n02aofyuxqw489n2wlwb4l7e1yjk8jktgos16mvufpkc2m3gjel02vcqmw/gen_eval/review_table_step_224.table.json', 'log_mode': 'IMMUTABLE', 'ncols': 13, 'nrows': 5, 'path': 'media/table/gen_eval/review_table_step_224_224_871b59e0f1f8e17d225c.table.json', 'sha256': '871b59e0f1f8e17d225c82db3eb3ca801376f9f500442e7b0c9214647bf54760', 'size': 1543}",
  "gen_eval/review_table_step_256": "{'_latest_artifact_path': 'wandb-client-artifact://6880jpo6uvmnlx3sw8wwcbmbo6zyltg5kleyy5ogxl5qt6skuuxjlhhcdwacemecxii5eif1tfizwyzn50cqixcuc8z4nmrgfzfep03f0vmiyhc1xiirle1cj2mgv5oe:latest/gen_eval/review_table_step_256.table.json', '_type': 'table-file', 'artifact_path': 'wandb-client-artifact://g1b75vy8z37so1qhqm2ny7dlhit32vs1zau82hommucwhdo6m1bihww0f0xsf9wnxi16n3whf8ikebr6rfc5vofhl2z558on9i18cga5cqp502dbiie7zswmt44pqv0c/gen_eval/review_table_step_256.table.json', 'log_mode': 'IMMUTABLE', 'ncols': 13, 'nrows': 5, 'path': 'media/table/gen_eval/review_table_step_256_256_806dd124084aced95c86.table.json', 'sha256': '806dd124084aced95c86b84ff9d9e5ddbf5fc7fffec05faebf32d38377e5c73b', 'size': 1489}",
  "gen_eval/review_table_step_288": "{'_latest_artifact_path': 'wandb-client-artifact://bewgp1stcufgfdnic8eps8xzjl2gdqil8jz6ml7k4aql2dpq0hgylgkndbv1zozt7znh2h4sgof1dee61dt2ytl7f3zgvh5icb42sdzddt1b9l273gat02rmq78gdasv:latest/gen_eval/review_table_step_288.table.json', '_type': 'table-file', 'artifact_path': 'wandb-client-artifact://b45byydqb67t38rye9booyktl754hunj0nhensx9rfunlwrbdfrv3gw7wnn0zo1mli7y0vizpsf1r86xu582x99fzag5v1xz9dsc57ai5c3zkbw50tvg9fh5obmpnlk2/gen_eval/review_table_step_288.table.json', 'log_mode': 'IMMUTABLE', 'ncols': 13, 'nrows': 5, 'path': 'media/table/gen_eval/review_table_step_288_288_f347ad21cb4c837d77af.table.json', 'sha256': 'f347ad21cb4c837d77afa913788015168e603807c1451024aaeacb849ef79b7e', 'size': 1610}",
  "gen_eval/review_table_step_32": "{'_latest_artifact_path': 'wandb-client-artifact://3b51i77mj9zleun0lmp5u10fhxij6adyyck3a6hlqu28zbems43syn8oe2xfm3jv2x3d30rr5ew7htmrrz5sx56652h512rypp33188o8ivzis21dcdpqoxrs97mpjr6:latest/gen_eval/review_table_step_32.table.json', '_type': 'table-file', 'artifact_path': 'wandb-client-artifact://jeo9ry2k3tqgvaicp32aozpoeab0k0j1stqsi1q09bisnldpbihsg8j7al5nzjj6srfj971lg8qoociwyrxshdwata1fd07qrps5kjzwqqwfgwmiscdqjqoa8qipf35m/gen_eval/review_table_step_32.table.json', 'log_mode': 'IMMUTABLE', 'ncols': 13, 'nrows': 5, 'path': 'media/table/gen_eval/review_table_step_32_32_2e7639dec231e2c2aaab.table.json', 'sha256': '2e7639dec231e2c2aaab8d79ca03354a2bea8d403a4bc24d415e43f330cd2f6e', 'size': 1537}",