{
  "_runtime": 3134.657682603,
  "_step": 19,
  "_timestamp": 1775513232.7300398,
  "_wandb.runtime": 3134,
  "train/allocated_mem": 7.414012908935547,
  "train/audio_cb0_loss": 1.1874426875987063,
  "train/audio_cb10_loss": 1.3277454990191166,
  "train/audio_cb11_loss": 1.4348585160898029,
  "train/audio_cb12_loss": 1.3739024118483167,
  "train/audio_cb13_loss": 1.4617718828049486,
  "train/audio_cb14_loss": 1.625412367011456,
  "train/audio_cb15_loss": 1.482526868459116,
  "train/audio_cb1_loss": 1.6627165377675273,
  "train/audio_cb2_loss": 2.151168792014305,
  "train/audio_cb3_loss": 2.137303611837166,
  "train/audio_cb4_loss": 2.162949144825667,
  "train/audio_cb5_loss": 2.2484700423459256,
  "train/audio_cb6_loss": 2.3336549371936908,
  "train/audio_cb7_loss": 2.3469636792773505,
  "train/audio_cb8_loss": 1.1207028265334595,
  "train/audio_cb9_loss": 1.1376623785051154,
  "train/audio_loss": 1.5507250626881917,
  "train/avg_wps": 5128.708118022922,
  "train/ctx_injected_pct": 1.8229166666666667,
  "train/ctx_samples": 18,
  "train/eta_in_seconds": 159899.91653417287,
  "train/inj_drop_anchor": 0,
  "train/inj_drop_final": 0,
  "train/inj_drop_space": 0,
  "train/inj_in_window": 22,
  "train/inj_place_rate": 100,
  "train/inj_placed": 22,
  "train/inj_token_yield": 100,
  "train/inj_total": 119,
  "train/inj_truncated": 0,
  "train/lora_l2_loss": 3.1441450119018555e-06,
  "train/loss": 2.6547091801961265,
  "train/lr": 6.2734209101613706e-06,
  "train/pad_token_loss": 0.30848290026187897,
  "train/peak_allocated_mem": 17.425354957580566,
  "train/percent_done": 1.85546875,
  "train/pred_pad_pct": 63.525,
  "train/prob_real_tokens": 0.9063480392156864,
  "train/real_token_loss": 1.2330624461174011,
  "train/real_token_pct": 17.961473620208384,
  "train/text_loss": 1.0884272456169128,
  "train/wps": 5137.757892514495
}