{
  "_runtime": 6050.09692508,
  "_step": 37,
  "_timestamp": 1775538887.3625188,
  "_wandb.runtime": 6050,
  "train/allocated_mem": 7.41401481628418,
  "train/audio_cb0_loss": 0.973400082091442,
  "train/audio_cb10_loss": 1.3643337982219803,
  "train/audio_cb11_loss": 1.4427360107979392,
  "train/audio_cb12_loss": 1.379377527663343,
  "train/audio_cb13_loss": 1.46136281022116,
  "train/audio_cb14_loss": 1.567320021432949,
  "train/audio_cb15_loss": 1.5136764353958123,
  "train/audio_cb1_loss": 1.557099294361204,
  "train/audio_cb2_loss": 2.0464355685992612,
  "train/audio_cb3_loss": 2.082173505619401,
  "train/audio_cb4_loss": 2.0771920644481408,
  "train/audio_cb5_loss": 2.143956929180659,
  "train/audio_cb6_loss": 2.2377814036705637,
  "train/audio_cb7_loss": 2.240146247780018,
  "train/audio_cb8_loss": 1.036383048506586,
  "train/audio_cb9_loss": 1.1116062199808516,
  "train/audio_loss": 1.466355522473653,
  "train/avg_wps": 5129.472871517038,
  "train/ctx_injected_pct": 2.4375,
  "train/ctx_samples": 23,
  "train/eta_in_seconds": 157012.62491750074,
  "train/inj_drop_anchor": 0,
  "train/inj_drop_final": 0,
  "train/inj_drop_space": 0,
  "train/inj_in_window": 28,
  "train/inj_place_rate": 100,
  "train/inj_placed": 28,
  "train/inj_token_yield": 100,
  "train/inj_total": 158,
  "train/inj_truncated": 0,
  "train/lora_l2_loss": 4.506111145019531e-05,
  "train/loss": 2.2784632047017417,
  "train/lr": 1.645236354485554e-05,
  "train/pad_token_loss": 0.32553722461064655,
  "train/peak_allocated_mem": 17.425355911254883,
  "train/percent_done": 3.61328125,
  "train/pred_pad_pct": 58.2,
  "train/prob_real_tokens": 0.948063725490196,
  "train/real_token_loss": 0.8461011548837026,
  "train/real_token_pct": 19.350424486148345,
  "train/text_loss": 0.7713814874490103,
  "train/wps": 5140.061996599879
}