{
  "_runtime": 10406.038723018,
  "_step": 167,
  "_timestamp": 1775453077.8229916,
  "_wandb.runtime": 10406,
  "eval/audio_eval_loss": 1.4008277654647827,
  "eval/eval_loss": 2.027587413787842,
  "eval/eval_pred_pad_pct": 71.56759259259259,
  "eval/eval_real_token_pct": 16.32273520079013,
  "eval/pad_token_eval_loss": 0.24744786570469535,
  "eval/perplexity": 4.0772247314453125,
  "eval/real_token_eval_loss": 0.687010129292806,
  "eval/text_eval_loss": 0.6267595291137695,
  "eval/train_loss": 1.3291282653808594,
  "gen_eval/audio/eval_ace_inhibitor_lapse": "{'_type': 'audio-file', 'path': 'media/audio/gen_eval/audio/eval_ace_inhibitor_lapse_128_2ac97ad02bbeabe6178a.mp3', 'sha256': '2ac97ad02bbeabe6178acc1327823ec8c1743ef8fb85d566b4b03a3606801526', 'size': 1480989}",
  "gen_eval/audio/eval_anticoagulant_routine": "{'_type': 'audio-file', 'path': 'media/audio/gen_eval/audio/eval_anticoagulant_routine_128_1985d5123a66f529a5ba.mp3', 'sha256': '1985d5123a66f529a5ba3fe23fd6e36d291c2e022e0d6be6c9c4c8ec0db3f071', 'size': 1534989}",
  "gen_eval/audio/eval_glp1_checkin": "{'_type': 'audio-file', 'path': 'media/audio/gen_eval/audio/eval_glp1_checkin_128_90f2d1b510f786a7fd65.mp3', 'sha256': '90f2d1b510f786a7fd657c3df86c03b52b9beea089579623b9d8f110b1dd53d1', 'size': 1446141}",
  "gen_eval/audio/eval_ssri_dropoff": "{'_type': 'audio-file', 'path': 'media/audio/gen_eval/audio/eval_ssri_dropoff_128_120abc2c9a0840eaa288.mp3', 'sha256': '120abc2c9a0840eaa288768fabb11e62bda19980964b1997697ff5892aedfc8f', 'size': 1769781}",
  "gen_eval/audio/eval_statin_baseline": "{'_type': 'audio-file', 'path': 'media/audio/gen_eval/audio/eval_statin_baseline_128_029cde75487b9f567180.mp3', 'sha256': '029cde75487b9f567180d37406cd9180972de035712dc4e0b7dc729f92299d49', 'size': 1266597}",
  "gen_eval/backchannel_rate_per_hour": 68,
  "gen_eval/coherence_mean": 1,
  "gen_eval/effectiveness_mean": 1,
  "gen_eval/grounding_correct_pct": 50,
  "gen_eval/grounding_mean": 3,
  "gen_eval/grounding_n_claims": 3,
  "gen_eval/grounding_n_correct": 2,
  "gen_eval/grounding_n_fabricated": 1,
  "gen_eval/grounding_n_garbled": 0,
  "gen_eval/injection_accuracy_pct": 70,
  "gen_eval/injection_usage_pct": 0,
  "gen_eval/longest_silence_s": 7.52,
  "gen_eval/loudness_interturn_sd": 4.097550303180273,
  "gen_eval/n_dialogues_ok": 5,
  "gen_eval/naturalness_mean": 1.2,
  "gen_eval/pct_overlap": 2.5974025974025974,
  "gen_eval/review_table_step_128": "{'_latest_artifact_path': 'wandb-client-artifact://0gqf30ugbyh4m34xcdfhj27owbd42xiv60xm2u1c0k2obsbbdh4zo5zkho3g28myb9689uyww5ftcqh5wtq78bc5jvwftjcmvlrvm6dkvz2vebr0vu2wlq07twcsvdrx:latest/gen_eval/review_table_step_128.table.json', '_type': 'table-file', 'artifact_path': 'wandb-client-artifact://nd9g9ny495bh6jmveeo7l7hciyzdxml44hdwmneitali72f13j41w7i71b5qi7aa6lloyhdvygtnybok8i5r7nyoubpjjtaovsnvk21oxd5x5ppp1icgevb6wjy3tool/gen_eval/review_table_step_128.table.json', 'log_mode': 'IMMUTABLE', 'ncols': 13, 'nrows': 5, 'path': 'media/table/gen_eval/review_table_step_128_128_54be4ac39da4010f8f5b.table.json', 'sha256': '54be4ac39da4010f8f5bc25fdd249a68b3396d5fecef25801dddd45ad1eea855', 'size': 1609}",
  "gen_eval/review_table_step_64": "{'_latest_artifact_path': 'wandb-client-artifact://2ion3y38fo1ynsraj7ke1zqzxxvn2vkevp0rhmkfga7b0qpqpvpo7p4h6jvfspxksgt20h4ehlvlohpwm64yobadd64yj93vk15u4xpg4oflqaegawjukppts2u5gbu1:latest/gen_eval/review_table_step_64.table.json', '_type': 'table-file', 'artifact_path': 'wandb-client-artifact://9czgl9nvfeso7i2g3z6e0bzcagbf1m8rf0o7hzaky3ll041mgmc4d2tnlp21ds8pj1b2da71or2xe82fkb577xol2ez9oqcmd7vpqs94nlj68ktn0foi5ilycxqe3te1/gen_eval/review_table_step_64.table.json', 'log_mode': 'IMMUTABLE', 'ncols': 13, 'nrows': 5, 'path': 'media/table/gen_eval/review_table_step_64_64_fb56bd1fa15fb782be6c.table.json', 'sha256': 'fb56bd1fa15fb782be6c926d00aa9149c7d47f98029a4e95e560da834af38564', 'size': 1579}",
  "gen_eval/silence_pct": 74.61333333333333,
  "gen_eval/speech_rate_wps": 3.88502118435748,
  "gen_eval/turn_duration_median_s": 1.0999999999999943,
  "gen_eval/turn_gap_median_ms": 1859.9999999999852,
  "train/allocated_mem": 20.518704414367676,
  "train/audio_cb0_loss": 0.8146745978259609,
  "train/audio_cb10_loss": 1.414640189741456,
  "train/audio_cb11_loss": 1.4358263367683477,
  "train/audio_cb12_loss": 1.3889812067000178,
  "train/audio_cb13_loss": 1.4838998875282448,
  "train/audio_cb14_loss": 1.5837493203180515,
  "train/audio_cb15_loss": 1.506918461531812,
  "train/audio_cb1_loss": 1.3987304567490444,
  "train/audio_cb2_loss": 1.8737321681004957,
  "train/audio_cb3_loss": 1.9034487836372267,
  "train/audio_cb4_loss": 1.917588603650512,
  "train/audio_cb5_loss": 1.9923610814708863,
  "train/audio_cb6_loss": 2.0560239101611675,
  "train/audio_cb7_loss": 2.0837607732558077,
  "train/audio_cb8_loss": 0.9566190684299432,
  "train/audio_cb9_loss": 1.1428380753688634,
  "train/audio_loss": 1.3758291006088257,
  "train/avg_wps": 12206.527904867477,
  "train/ctx_injected_pct": 1.863888888888889,
  "train/ctx_samples": 6,
  "train/eta_in_seconds": 21458.681948005084,
  "train/inj_drop_anchor": 0,
  "train/inj_drop_final": 0,
  "train/inj_drop_space": 0,
  "train/inj_in_window": 14,
  "train/inj_place_rate": 100,
  "train/inj_placed": 14,
  "train/inj_token_yield": 100,
  "train/inj_total": 55,
  "train/inj_truncated": 0,
  "train/lora_l2_loss": 0.0002651214599609375,
  "train/loss": 1.3036084175109863,
  "train/lr": 4.5190905117799975e-06,
  "train/pad_token_loss": 0.19682826101779935,
  "train/peak_allocated_mem": 39.43436670303345,
  "train/percent_done": 28.067226890756302,
  "train/pred_pad_pct": 75.6,
  "train/prob_real_tokens": 0.7261176470588235,
  "train/real_token_loss": 0.6949817538261414,
  "train/real_token_pct": 13.639531200506813,
  "train/text_loss": 0.6154287755489349,
  "train/wps": 12384.78028500056
}