{
  "_runtime": 7004.538746017,
  "_step": 175,
  "_timestamp": 1775364489.4141538,
  "_wandb.runtime": 7004,
  "eval/audio_eval_loss": 1.452217936515808,
  "eval/eval_loss": 2.975026845932007,
  "eval/eval_pred_pad_pct": 73.38412698412698,
  "eval/eval_real_token_pct": 9.582468304181235,
  "eval/pad_token_eval_loss": 0.2784056876386915,
  "eval/perplexity": 7.862710952758789,
  "eval/real_token_eval_loss": 1.5228090626852853,
  "eval/text_eval_loss": 1.5228091478347778,
  "eval/train_loss": 2.245129346847534,
  "gen_eval/audio/eval_casual_hangout": "{'_type': 'audio-file', 'path': 'media/audio/gen_eval/audio/eval_casual_hangout_160_d5d227637567b5dfcdf4.wav', 'sha256': 'd5d227637567b5dfcdf4b89fcc4280e709dab5cb627f70b82631e8d587a97069', 'size': 11520044}",
  "gen_eval/audio/eval_creative_project": "{'_type': 'audio-file', 'path': 'media/audio/gen_eval/audio/eval_creative_project_160_26d085c2df162ca6cf42.wav', 'sha256': '26d085c2df162ca6cf4287d1a3e31efbed814728809e3ac7db927cdd69737698', 'size': 11520044}",
  "gen_eval/audio/eval_life_decision": "{'_type': 'audio-file', 'path': 'media/audio/gen_eval/audio/eval_life_decision_160_75c62b0a96a2c4fc683c.wav', 'sha256': '75c62b0a96a2c4fc683cf89961c1d81d4ea6f98757361270c25520c69d1751a5', 'size': 11520044}",
  "gen_eval/audio/eval_relationship_advice": "{'_type': 'audio-file', 'path': 'media/audio/gen_eval/audio/eval_relationship_advice_160_86a516cf776220eca531.wav', 'sha256': '86a516cf776220eca5316fada4070ec9014cd9c7a776618dfb5cebc77d618e5d', 'size': 11520044}",
  "gen_eval/audio/eval_venting_work": "{'_type': 'audio-file', 'path': 'media/audio/gen_eval/audio/eval_venting_work_160_8b3dcdbbd9e9e5c24707.wav', 'sha256': '8b3dcdbbd9e9e5c24707e1c5bd8b1aca1aafec698eea153eb161206ed70c01fd', 'size': 11520044}",
  "gen_eval/backchannel_rate_per_hour": 210,
  "gen_eval/coherence_mean": 1.8,
  "gen_eval/effectiveness_mean": 2.4,
  "gen_eval/grounding_correct_pct": 66.66666666666667,
  "gen_eval/grounding_mean": 3.6666666666666665,
  "gen_eval/grounding_n_claims": 6,
  "gen_eval/grounding_n_correct": 3,
  "gen_eval/grounding_n_fabricated": 3,
  "gen_eval/grounding_n_garbled": 0,
  "gen_eval/longest_silence_s": 2.08,
  "gen_eval/loudness_interturn_sd": 3.666127257159231,
  "gen_eval/n_dialogues_ok": 5,
  "gen_eval/naturalness_mean": 2.4,
  "gen_eval/pct_overlap": 5.905511811023622,
  "gen_eval/review_table_step_112": "{'_latest_artifact_path': 'wandb-client-artifact://aemec4wgwxgsqe0u1bigcfti0l7l73f9oolrienske06wsmdzyq2hti8u4wzmmhmhhstxkhdkhb38kmkr5wmrslm5fpzxwlrvk22w9e81iw88xj1z0k2nxwwi8n7wppc:latest/gen_eval/review_table_step_112.table.json', '_type': 'table-file', 'artifact_path': 'wandb-client-artifact://726io19keap6s9yc8dhrntfgwt4wceqb63uykliu1gt2oni0z0excih81m3shfksnyblerlh3mx9xs49tfqgurku8kaiviuyn9eaeqbvwiwpa9evvwlww0picqb3d59v/gen_eval/review_table_step_112.table.json', 'log_mode': 'IMMUTABLE', 'ncols': 13, 'nrows': 5, 'path': 'media/table/gen_eval/review_table_step_112_112_00804367e91248a5bd8b.table.json', 'sha256': '00804367e91248a5bd8b5e149daecf2f468810c57f956991d2355ee8dbc058e9', 'size': 1550}",
  "gen_eval/review_table_step_128": "{'_latest_artifact_path': 'wandb-client-artifact://zqh6t2qm0s5pm6lbe454onmb7h2p17220k9vw2eqqn3vpggd5iv0c4ts6sl0m35kx7us7pydycaiawgtnb7v1n5k7hq290etoh6yt0af53vu8b8uumcgn07gjjpvgyq3:latest/gen_eval/review_table_step_128.table.json', '_type': 'table-file', 'artifact_path': 'wandb-client-artifact://fi6e1bj8cmf0lv0yk3i0kwl5kf939xf9nm2glvducw587aqtv2j2068f8rscvev87tgy1x89rczhkdlyo7sjtpw40tg4d79fbq7rdn7parzbf84iw177zvpyyb96y63q/gen_eval/review_table_step_128.table.json', 'log_mode': 'IMMUTABLE', 'ncols': 13, 'nrows': 5, 'path': 'media/table/gen_eval/review_table_step_128_128_d38360a7c57b23556003.table.json', 'sha256': 'd38360a7c57b23556003b698f16231156575f88549fa7285aa3f069fc2c9222e', 'size': 1476}",
  "gen_eval/review_table_step_144": "{'_latest_artifact_path': 'wandb-client-artifact://jluzm1wtyup20j6ibb9iwppui1rkq2lswqkmwr9g74wj4kvrqqi867g1yofafa4lakax0osq31zrdcwe0kv0wut960d6v5dj6xaihfm940eao2wbb6unk6gek7gitwew:latest/gen_eval/review_table_step_144.table.json', '_type': 'table-file', 'artifact_path': 'wandb-client-artifact://5bha1izcu6ma3fhax5rvkhxjdygr6ucb529cxhhu7orv75w8dazppdqscwt2cf0r05viwry4y7otiywxn2isfvzegnsls4aqudl5k4yt75aigbv6o29mk8poy5vgleew/gen_eval/review_table_step_144.table.json', 'log_mode': 'IMMUTABLE', 'ncols': 13, 'nrows': 5, 'path': 'media/table/gen_eval/review_table_step_144_144_ee2a0a880346ce813cd3.table.json', 'sha256': 'ee2a0a880346ce813cd3594421c7d07df9c4dad221894aea61e7f16bc3f632d3', 'size': 1607}",
  "gen_eval/review_table_step_160": "{'_latest_artifact_path': 'wandb-client-artifact://y5kgyowitzhq4axb7k7aiwrhzr0leicanab2mdim7owpibfx3ata4fddodn50uyqca4s9i2yl864tg37334jn2jcntchcpds0rt7or45944cscga5wzxsunfwi98vamb:latest/gen_eval/review_table_step_160.table.json', '_type': 'table-file', 'artifact_path': 'wandb-client-artifact://6pi5vlk1xmz3sk8pllk1yaoov41e8b1uuuc3lyytrysytic0cwq521lt3wu1l7705is07jfogjeqdzo0g9c47aihotjtlu1rdepuwyvob7umlj614p3im3rdznljfjl6/gen_eval/review_table_step_160.table.json', 'log_mode': 'IMMUTABLE', 'ncols': 13, 'nrows': 5, 'path': 'media/table/gen_eval/review_table_step_160_160_2cf0ce5d50b66071ce57.table.json', 'sha256': '2cf0ce5d50b66071ce57c8ad9805186f413309b7a3901bce315c9bb7cc7bc2ce', 'size': 1611}",
  "gen_eval/silence_pct": 69.2,
  "gen_eval/speech_rate_wps": 4.01016382386193,
  "gen_eval/turn_duration_median_s": 1.1799999999999926,
  "gen_eval/turn_gap_median_ms": 650.0000000000005,
  "train/allocated_mem": 21.538806438446045,
  "train/audio_cb0_loss": 0.7709749202637494,
  "train/audio_cb10_loss": 1.930316068200855,
  "train/audio_cb11_loss": 1.984330569699775,
  "train/audio_cb12_loss": 1.9583915404708372,
  "train/audio_cb13_loss": 2.050347796257109,
  "train/audio_cb14_loss": 2.14163449775162,
  "train/audio_cb15_loss": 2.070694462813561,
  "train/audio_cb1_loss": 1.1934075078252435,
  "train/audio_cb2_loss": 1.422533446716704,
  "train/audio_cb3_loss": 1.4906868579993828,
  "train/audio_cb4_loss": 1.4946263446193184,
  "train/audio_cb5_loss": 1.524505549310056,
  "train/audio_cb6_loss": 1.633780150608385,
  "train/audio_cb7_loss": 1.62317284695587,
  "train/audio_cb8_loss": 1.3328742301802396,
  "train/audio_cb9_loss": 1.56283477714588,
  "train/audio_loss": 1.4770594835281372,
  "train/avg_wps": 11315.810596345902,
  "train/ctx_injected_pct": 0,
  "train/ctx_samples": 0,
  "train/eta_in_seconds": 1977.606195537022,
  "train/lora_l2_loss": 7.033348083496094e-06,
  "train/loss": 2.278158664703369,
  "train/lr": 1.3759861719767798e-07,
  "train/pad_token_loss": 0.2523789703845978,
  "train/peak_allocated_mem": 58.5909423828125,
  "train/percent_done": 68.359375,
  "train/pred_pad_pct": 73.025,
  "train/prob_real_tokens": 0.8300424836601307,
  "train/real_token_loss": 1.5396219491958618,
  "train/real_token_pct": 9.456912797670036,
  "train/text_loss": 1.5396219491958618,
  "train/wps": 12507.877671043292
}