{
  "_runtime": 5819.277780687,
  "_step": 128,
  "_timestamp": 1775096731.203689,
  "_wandb.runtime": 5819,
  "eval/audio_eval_loss": 1.3124932050704956,
  "eval/eval_loss": 1.5471489429473877,
  "eval/perplexity": 2.9223904609680176,
  "eval/text_eval_loss": 0.23465578258037567,
  "eval/train_loss": 1.540757417678833,
  "gen_eval/grounding_n_claims": 0,
  "gen_eval/grounding_n_correct": 0,
  "gen_eval/grounding_n_fabricated": 0,
  "gen_eval/grounding_n_garbled": 0,
  "gen_eval/n_dialogues_ok": 0,
  "train/allocated_mem": 22.211138248443604,
  "train/audio_cb0_loss": 0.7805320395666769,
  "train/audio_cb10_loss": 1.8314309792219272,
  "train/audio_cb11_loss": 1.8510162812223696,
  "train/audio_cb12_loss": 1.8557476445070733,
  "train/audio_cb13_loss": 1.928025185123784,
  "train/audio_cb14_loss": 1.99795362234748,
  "train/audio_cb15_loss": 1.9636694573386384,
  "train/audio_cb1_loss": 1.0919711193081345,
  "train/audio_cb2_loss": 1.349205711897657,
  "train/audio_cb3_loss": 1.4212051351127322,
  "train/audio_cb4_loss": 1.401791141688771,
  "train/audio_cb5_loss": 1.473378612676835,
  "train/audio_cb6_loss": 1.5622268042661362,
  "train/audio_cb7_loss": 1.5327581026193633,
  "train/audio_cb8_loss": 1.3114542037523742,
  "train/audio_cb9_loss": 1.4717086994363395,
  "train/audio_loss": 1.283763408660889,
  "train/avg_wps": 12450.883390945392,
  "train/ctx_injected_pct": 0,
  "train/ctx_samples": 0,
  "train/eta_in_seconds": 0,
  "train/loss": 1.540757417678833,
  "train/lr": 8.000000000000001e-11,
  "train/peak_allocated_mem": 54.81285095214844,
  "train/percent_done": 100,
  "train/prob_real_tokens": 0.8587757352941177,
  "train/text_loss": 0.25699400901794434,
  "train/wps": 9663.03605455846
}