{
  "_runtime": 9763.72530407,
  "_step": 154,
  "_timestamp": 1775442643.5187056,
  "_wandb.runtime": 9763,
  "eval/audio_eval_loss": 1.4025845527648926,
  "eval/eval_loss": 2.0638608932495117,
  "eval/eval_pred_pad_pct": 70.29444444444445,
  "eval/eval_real_token_pct": 16.32273520079013,
  "eval/pad_token_eval_loss": 0.32132888088623685,
  "eval/perplexity": 4.181037425994873,
  "eval/real_token_eval_loss": 0.6794585883617401,
  "eval/text_eval_loss": 0.6612763404846191,
  "eval/train_loss": 1.3652961254119873,
  "gen_eval/audio/eval_ace_inhibitor_lapse": "{'_type': 'audio-file', 'path': 'media/audio/gen_eval/audio/eval_ace_inhibitor_lapse_128_f3f1fedcaf951496ffff.mp3', 'sha256': 'f3f1fedcaf951496fffff12c7e5f84fcc098534204cf7e1843e39f81a8c7b6e8', 'size': 1305933}",
  "gen_eval/audio/eval_anticoagulant_routine": "{'_type': 'audio-file', 'path': 'media/audio/gen_eval/audio/eval_anticoagulant_routine_128_77dbd3153ea08efc443f.mp3', 'sha256': '77dbd3153ea08efc443f44e38f4d2603f5cf3609f5b8c6aa19f33605ca41a824', 'size': 1592661}",
  "gen_eval/audio/eval_glp1_checkin": "{'_type': 'audio-file', 'path': 'media/audio/gen_eval/audio/eval_glp1_checkin_128_397b6c8c44475e96e3c3.mp3', 'sha256': '397b6c8c44475e96e3c34af294767783245429862d1019a5237395e374ed88cf', 'size': 1847109}",
  "gen_eval/audio/eval_ssri_dropoff": "{'_type': 'audio-file', 'path': 'media/audio/gen_eval/audio/eval_ssri_dropoff_128_62241f6f0625c49f6d40.mp3', 'sha256': '62241f6f0625c49f6d40f3adfa8fd5a91c0a9cf5ab316de179849352c7c1d263', 'size': 1936245}",
  "gen_eval/audio/eval_statin_baseline": "{'_type': 'audio-file', 'path': 'media/audio/gen_eval/audio/eval_statin_baseline_128_2827d80780f638f4e3ea.mp3', 'sha256': '2827d80780f638f4e3ead10f0f69d78007acf9b4500413b2e7a12fc6efa9a8fb', 'size': 1744197}",
  "gen_eval/backchannel_rate_per_hour": 32,
  "gen_eval/coherence_mean": 1,
  "gen_eval/effectiveness_mean": 1,
  "gen_eval/grounding_correct_pct": 25,
  "gen_eval/grounding_mean": 2,
  "gen_eval/grounding_n_claims": 6,
  "gen_eval/grounding_n_correct": 2,
  "gen_eval/grounding_n_fabricated": 1,
  "gen_eval/grounding_n_garbled": 3,
  "gen_eval/injection_accuracy_pct": 100,
  "gen_eval/injection_usage_pct": 0,
  "gen_eval/longest_silence_s": 8,
  "gen_eval/loudness_interturn_sd": 4.7523918345109335,
  "gen_eval/n_dialogues_ok": 5,
  "gen_eval/naturalness_mean": 1,
  "gen_eval/pct_overlap": 2.4390243902439024,
  "gen_eval/review_table_step_128": "{'_latest_artifact_path': 'wandb-client-artifact://fnlz9o7fiw9698vtm3sbzxyz2b86vb0hwawzxxj554ja1w3mvospr70w2bgcmsee7kelwl2d6ms90yjpsa0kr8qpcpidfcrqr7fboyli14dr8wp6l2804m4ksgd3imqx:latest/gen_eval/review_table_step_128.table.json', '_type': 'table-file', 'artifact_path': 'wandb-client-artifact://mns96zvvy5kiaq4h08j8lxda56nxm32dmzd8dwsr7whq862botzrbkdl1b9oopblcmkzypjp3nw5e215w39jwpjwubngt3ts5n8baskix47b7ypzxqiyonj8pw2ygdaf/gen_eval/review_table_step_128.table.json', 'log_mode': 'IMMUTABLE', 'ncols': 13, 'nrows': 5, 'path': 'media/table/gen_eval/review_table_step_128_128_9b5b6214e05ccbcdbb91.table.json', 'sha256': '9b5b6214e05ccbcdbb91a1871bdeadb842e607ca76081f95f46b41fb4de36dce', 'size': 1481}",
  "gen_eval/review_table_step_64": "{'_latest_artifact_path': 'wandb-client-artifact://j1m3bsidq6e0bifqmc3ydmi1ze096y5r01zu9dlv4dcmnqzq7c6njocs3pptiwnwlrh8ybcbhqxxoeu76gui2skm1qn9r8apn9fxjwzbccquus9yav8wf44yp96cd9vm:latest/gen_eval/review_table_step_64.table.json', '_type': 'table-file', 'artifact_path': 'wandb-client-artifact://yfp1nt6crjvsyxpfwyfaapdjpn9bzz9nipbz6mcs9bx03qror8vhua1ywqvugc7anz09q90lhmdo4v901php50xbwnffc3hy17vs3n7aaxj5pwzp5pjyutxr3mkxkxft/gen_eval/review_table_step_64.table.json', 'log_mode': 'IMMUTABLE', 'ncols': 13, 'nrows': 5, 'path': 'media/table/gen_eval/review_table_step_64_64_8f64d3c61a2dfeb06e02.table.json', 'sha256': '8f64d3c61a2dfeb06e021294d8c97e0c2c8ea975104b33d650283958e520e840', 'size': 1527}",
  "gen_eval/silence_pct": 46.986666666666665,
  "gen_eval/speech_rate_wps": 4.1756008930768775,
  "gen_eval/turn_duration_median_s": 1.6149999999999969,
  "gen_eval/turn_gap_median_ms": 1620.0000000000043,
  "train/allocated_mem": 20.518702030181885,
  "train/audio_cb0_loss": 0.8785171284679352,
  "train/audio_cb10_loss": 1.562110174413457,
  "train/audio_cb11_loss": 1.5973088634426968,
  "train/audio_cb12_loss": 1.5988017664256426,
  "train/audio_cb13_loss": 1.6425939055039758,
  "train/audio_cb14_loss": 1.75993491768189,
  "train/audio_cb15_loss": 1.7046325263119644,
  "train/audio_cb1_loss": 1.3496838887673153,
  "train/audio_cb2_loss": 1.7589049666948635,
  "train/audio_cb3_loss": 1.7703955077577898,
  "train/audio_cb4_loss": 1.761004730223131,
  "train/audio_cb5_loss": 1.8356122615708712,
  "train/audio_cb6_loss": 1.9063960134516584,
  "train/audio_cb7_loss": 1.8811174522661136,
  "train/audio_cb8_loss": 1.089605948968705,
  "train/audio_cb9_loss": 1.2339499288649218,
  "train/audio_loss": 1.4197364449501038,
  "train/avg_wps": 12193.480625924612,
  "train/ctx_injected_pct": 2.2916666666666665,
  "train/ctx_samples": 9,
  "train/eta_in_seconds": 22134.12300226905,
  "train/inj_drop_anchor": 0,
  "train/inj_drop_final": 0,
  "train/inj_drop_space": 0,
  "train/inj_in_window": 20,
  "train/inj_place_rate": 100,
  "train/inj_placed": 20,
  "train/inj_token_yield": 100,
  "train/inj_total": 51,
  "train/inj_truncated": 0,
  "train/lora_l2_loss": 0.00023937225341796875,
  "train/loss": 1.3342591524124146,
  "train/lr": 4.625544337152679e-06,
  "train/pad_token_loss": 0.2934468016028404,
  "train/peak_allocated_mem": 39.43436670303345,
  "train/percent_done": 25.88235294117647,
  "train/pred_pad_pct": 76.31111111111112,
  "train/prob_real_tokens": 0.8502450980392157,
  "train/real_token_loss": 0.6448455452919006,
  "train/real_token_pct": 15.17723732316007,
  "train/text_loss": 0.6241514980792999,
  "train/wps": 12343.97749391054
}