{
  "_runtime": 7258.087537159,
  "_step": 80,
  "_timestamp": 1775449506.4697728,
  "_wandb.runtime": 7258,
  "eval/audio_eval_loss": 1.416574239730835,
  "eval/eval_loss": 2.672715425491333,
  "eval/eval_pred_pad_pct": 69.12619047619047,
  "eval/eval_real_token_pct": 9.582468304181235,
  "eval/pad_token_eval_loss": 0.5413598375661033,
  "eval/perplexity": 6.37628173828125,
  "eval/real_token_eval_loss": 1.256141083581107,
  "eval/text_eval_loss": 1.256141185760498,
  "eval/train_loss": 1.9145512580871584,
  "gen_eval/audio/eval_casual_hangout": "{'_type': 'audio-file', 'path': 'media/audio/gen_eval/audio/eval_casual_hangout_64_e2d67324e7448ca70d09.wav', 'sha256': 'e2d67324e7448ca70d09fdbd17c44f91776ac082ca0fcbad620abd8b6eee071e', 'size': 11520044}",
  "gen_eval/audio/eval_creative_project": "{'_type': 'audio-file', 'path': 'media/audio/gen_eval/audio/eval_creative_project_64_5c2527ab137f67eda864.wav', 'sha256': '5c2527ab137f67eda8646eced98a863ed8238d5909622916c0264ded628c70b8', 'size': 11520044}",
  "gen_eval/audio/eval_life_decision": "{'_type': 'audio-file', 'path': 'media/audio/gen_eval/audio/eval_life_decision_64_f63537b519a69da63eff.wav', 'sha256': 'f63537b519a69da63effa2e77ceb177e72d7e1366ad823a0558ccc483a46c348', 'size': 11520044}",
  "gen_eval/audio/eval_relationship_advice": "{'_type': 'audio-file', 'path': 'media/audio/gen_eval/audio/eval_relationship_advice_64_a9bed297e3774a6ff588.wav', 'sha256': 'a9bed297e3774a6ff5888f72027d13449fa86ad74cc333ebf6b6d60186a57dde', 'size': 11520044}",
  "gen_eval/audio/eval_venting_work": "{'_type': 'audio-file', 'path': 'media/audio/gen_eval/audio/eval_venting_work_64_de95715a560121a9d333.wav', 'sha256': 'de95715a560121a9d333f0bd986e999daf7ece8ed00b42d48cad7329bf08bf9e', 'size': 11520044}",
  "gen_eval/backchannel_rate_per_hour": 228,
  "gen_eval/coherence_mean": 1.4,
  "gen_eval/effectiveness_mean": 1.8,
  "gen_eval/grounding_correct_pct": 0,
  "gen_eval/grounding_mean": 1,
  "gen_eval/grounding_n_claims": 1,
  "gen_eval/grounding_n_correct": 0,
  "gen_eval/grounding_n_fabricated": 1,
  "gen_eval/grounding_n_garbled": 0,
  "gen_eval/longest_silence_s": 2.08,
  "gen_eval/loudness_interturn_sd": 3.9857298868822184,
  "gen_eval/n_dialogues_ok": 5,
  "gen_eval/naturalness_mean": 1.6,
  "gen_eval/pct_overlap": 21.875,
  "gen_eval/review_table_step_16": "{'_latest_artifact_path': 'wandb-client-artifact://jvwhs9rsgqwm9hfdymap9orofhlo6kl9z4prv5orm3zja4io4q6x0cdlvq70662aw7rjq8uj3n9j8c4nbx3n4cscjqp3pu6cii03e85ktg9nxx3u49l4qssr6ghuy9va:latest/gen_eval/review_table_step_16.table.json', '_type': 'table-file', 'artifact_path': 'wandb-client-artifact://lcraxja9g5sm6qvmqpilq9nq7zw8qslyf5m636yhpc8ko62n5tvpp9xgipn7k4hjlmy574wp5hg3ebodk22f25veevc7ch46hpln60djkijjbu0w0eu0jnos0994x3e1/gen_eval/review_table_step_16.table.json', 'log_mode': 'IMMUTABLE', 'ncols': 13, 'nrows': 5, 'path': 'media/table/gen_eval/review_table_step_16_16_91ca0aa95e12c6a289e4.table.json', 'sha256': '91ca0aa95e12c6a289e415c2469b144e64066f6356319aca69d518ee1453de5b', 'size': 1546}",
  "gen_eval/review_table_step_32": "{'_latest_artifact_path': 'wandb-client-artifact://y41cb0k4a8950fpbbw6w7shnir9uv607q8e5zvg7kf4bd5psxe9s0612c8s2sl0j4mz0qyjqr0a3wq36gsko3tlvzjyyqvkaaih745gm7nhpplk3kx5r9a1f08txs64i:latest/gen_eval/review_table_step_32.table.json', '_type': 'table-file', 'artifact_path': 'wandb-client-artifact://to2otxhmqmpd6l6edofaas96y1ftpl4oskyh68xtny5e3djpxs1r7od85u8sa5jpekgbpkk49p6ay71v0ld6r8pu84x3kcxmo9gzsf41voilcpzfsr1sr1phekewa2xc/gen_eval/review_table_step_32.table.json', 'log_mode': 'IMMUTABLE', 'ncols': 13, 'nrows': 5, 'path': 'media/table/gen_eval/review_table_step_32_32_2834c573988460f48e58.table.json', 'sha256': '2834c573988460f48e587c9997664ae0d9000890989dc92eaeb9097796e71581', 'size': 1601}",
  "gen_eval/review_table_step_48": "{'_latest_artifact_path': 'wandb-client-artifact://2bobln806vq59sjq4aj5f3whmhowmpqdi1jba76uevqe7f2skgwvduxlsb6fpizllrd1xh3iarvi6jj0d6a6za0dairkp3dsuzj9p77b2t4js8n51ju2m98507kj27e3:latest/gen_eval/review_table_step_48.table.json', '_type': 'table-file', 'artifact_path': 'wandb-client-artifact://jdjq5gdctzm9jawn69gp1jytnastqg9oeehd8gfuehbd6k2he0snwxx58v3obgwuaax6bm27qjgar2sas8zztfzih7i3iijffdapv58bm6ox1sbuhor5y1pztfida96p/gen_eval/review_table_step_48.table.json', 'log_mode': 'IMMUTABLE', 'ncols': 13, 'nrows': 5, 'path': 'media/table/gen_eval/review_table_step_48_48_3f9ebc64602d649c482d.table.json', 'sha256': '3f9ebc64602d649c482db704d4f16cf6e1f22ca80403b980a5dbe746f97ccb5a', 'size': 1737}",
  "gen_eval/review_table_step_64": "{'_latest_artifact_path': 'wandb-client-artifact://wr40cyciedr3puv0r4dgxpjqafcx5h8mtsgszq3pfx7xostjhx02qohqr9d3zmi3gpmo3xmpsx9vnnpt68hg8w6esnb949ihsfhzw0ytlt4h8166a97gx1mcirobaca3:latest/gen_eval/review_table_step_64.table.json', '_type': 'table-file', 'artifact_path': 'wandb-client-artifact://zrl737p6v8tr69qacrvpsssvfvxhu3gvu8fe25xngf47yksbin0oxzj3h7kx73uiebndjc85orvotl55b7vnhq5e6tcjndak797rsh9d7yknkanzk8enrvx9sqqqlpod/gen_eval/review_table_step_64.table.json', 'log_mode': 'IMMUTABLE', 'ncols': 13, 'nrows': 5, 'path': 'media/table/gen_eval/review_table_step_64_64_e0fe1f442a14bafad28c.table.json', 'sha256': 'e0fe1f442a14bafad28c4de42934e53ab5bd00271907e84f6e2315abf1021690', 'size': 1516}",
  "gen_eval/silence_pct": 36.22666666666667,
  "gen_eval/speech_rate_wps": 4.389827393126192,
  "gen_eval/turn_duration_median_s": 0.8400000000000034,
  "gen_eval/turn_gap_median_ms": 490.000000000002,
  "train/allocated_mem": 22.695178508758545,
  "train/audio_cb0_loss": 0.7578222129368989,
  "train/audio_cb10_loss": 1.736899111794246,
  "train/audio_cb11_loss": 1.8089976298868915,
  "train/audio_cb12_loss": 1.7837321288191674,
  "train/audio_cb13_loss": 1.8396606015628667,
  "train/audio_cb14_loss": 1.9909171941732764,
  "train/audio_cb15_loss": 1.9051929090205095,
  "train/audio_cb1_loss": 1.2009931265253204,
  "train/audio_cb2_loss": 1.4994718211737927,
  "train/audio_cb3_loss": 1.5772545407612522,
  "train/audio_cb4_loss": 1.5491437306401652,
  "train/audio_cb5_loss": 1.6079343789599665,
  "train/audio_cb6_loss": 1.7106643356643356,
  "train/audio_cb7_loss": 1.6840264129746092,
  "train/audio_cb8_loss": 1.2515704719387757,
  "train/audio_cb9_loss": 1.3754678626742385,
  "train/audio_loss": 1.4230303764343262,
  "train/avg_wps": 10960.486978778312,
  "train/ctx_injected_pct": 0,
  "train/ctx_samples": 0,
  "train/eta_in_seconds": 9827.300576019286,
  "train/lora_l2_loss": 0.00055694580078125,
  "train/loss": 1.9145512580871584,
  "train/lr": 3.4745567754015535e-06,
  "train/pad_token_loss": 0.443013072013855,
  "train/peak_allocated_mem": 59.83632850646973,
  "train/percent_done": 31.25,
  "train/pred_pad_pct": 69.35277777777777,
  "train/prob_real_tokens": 0.7860245098039216,
  "train/real_token_loss": 1.202479124069214,
  "train/real_token_pct": 10.550763105507633,
  "train/text_loss": 1.202479124069214,
  "train/wps": 4025.365866730217
}