{
  "_runtime": 13830.754953359,
  "_step": 85,
  "_timestamp": 1775487533.918768,
  "_wandb.runtime": 13830,
  "eval/audio_eval_loss": 1.4730762243270874,
  "eval/eval_loss": 2.4335503578186035,
  "eval/eval_pred_pad_pct": 73.86481481481482,
  "eval/eval_real_token_pct": 16.32273520079013,
  "eval/pad_token_eval_loss": 0.26725972692171734,
  "eval/perplexity": 5.402212619781494,
  "eval/real_token_eval_loss": 1.0700179040431976,
  "eval/text_eval_loss": 0.9604741930961608,
  "eval/train_loss": 1.7178701162338257,
  "gen_eval/audio/eval_ace_inhibitor_lapse": "{'_type': 'audio-file', 'path': 'media/audio/gen_eval/audio/eval_ace_inhibitor_lapse_64_88ffe839a7630f905ae1.mp3', 'sha256': '88ffe839a7630f905ae1914bacf2b436dd0bf6d4da75a9009a696a1e15db8373', 'size': 1942365}",
  "gen_eval/audio/eval_anticoagulant_routine": "{'_type': 'audio-file', 'path': 'media/audio/gen_eval/audio/eval_anticoagulant_routine_64_020026a3132db74d082a.mp3', 'sha256': '020026a3132db74d082a8c2de5a689daec1ae78364bef93a26afc5ad809fd159', 'size': 1798077}",
  "gen_eval/audio/eval_glp1_checkin": "{'_type': 'audio-file', 'path': 'media/audio/gen_eval/audio/eval_glp1_checkin_64_3403b43534a04cb53f9e.mp3', 'sha256': '3403b43534a04cb53f9e9e24fbe56210dfd1c3ad45fc7377280eedbf5b232fcd', 'size': 1695333}",
  "gen_eval/audio/eval_ssri_dropoff": "{'_type': 'audio-file', 'path': 'media/audio/gen_eval/audio/eval_ssri_dropoff_64_ceb29486349d4f9974a6.mp3', 'sha256': 'ceb29486349d4f9974a65c266bf6748f97b75858353d10931020c08b25247e46', 'size': 1740957}",
  "gen_eval/audio/eval_statin_baseline": "{'_type': 'audio-file', 'path': 'media/audio/gen_eval/audio/eval_statin_baseline_64_5976e5b4186b94cd6091.mp3', 'sha256': '5976e5b4186b94cd609168e8f58e450b0601eb6a23482f15b70aa8e68ed8b8c8', 'size': 1900845}",
  "gen_eval/backchannel_rate_per_hour": 176,
  "gen_eval/coherence_mean": 1.8,
  "gen_eval/effectiveness_mean": 2,
  "gen_eval/grounding_correct_pct": 56.83333333333333,
  "gen_eval/grounding_mean": 3.2733333333333334,
  "gen_eval/grounding_n_claims": 27,
  "gen_eval/grounding_n_correct": 18,
  "gen_eval/grounding_n_fabricated": 5,
  "gen_eval/grounding_n_garbled": 4,
  "gen_eval/injection_accuracy_pct": 83.33333333333333,
  "gen_eval/injection_usage_pct": 47.22222222222222,
  "gen_eval/longest_silence_s": 6,
  "gen_eval/loudness_interturn_sd": 2.9106497339551245,
  "gen_eval/n_dialogues_ok": 5,
  "gen_eval/naturalness_mean": 2,
  "gen_eval/pct_overlap": 3.9525691699604746,
  "gen_eval/review_table_step_64": "{'_latest_artifact_path': 'wandb-client-artifact://36ahuzp9e9bfr66vc30zg6jhidabl3zl1imvgpbcxkptn25uanpndtd6kndho5ym6d32a7743cduf71a8it04vi0e8thczwma6d2k7tm6ekwcst9jmxx99hw4yvjknoh:latest/gen_eval/review_table_step_64.table.json', '_type': 'table-file', 'artifact_path': 'wandb-client-artifact://1xmdizd5vtm3cp6x7ikubs7yj5rgttnkxi17qqot6rlloc04iepl9kcfj1m695zrbxo9nsmiz2g25iib7qx5546epe7zkkgmqf3bf25q9fu0ijczoiy7ze4a4n37vhjf/gen_eval/review_table_step_64.table.json', 'log_mode': 'IMMUTABLE', 'ncols': 13, 'nrows': 5, 'path': 'media/table/gen_eval/review_table_step_64_64_5e862c43122c47a7a01d.table.json', 'sha256': '5e862c43122c47a7a01d23eb05b63b4a37ae4bb08be9f88b6b6ac0c2962ac996', 'size': 1697}",
  "gen_eval/silence_pct": 67.53777777777778,
  "gen_eval/speech_rate_wps": 4.001243983041967,
  "gen_eval/turn_duration_median_s": 1.75,
  "gen_eval/turn_gap_median_ms": 510.0000000000193,
  "train/allocated_mem": 20.51871156692505,
  "train/audio_cb0_loss": 1.0981231344654403,
  "train/audio_cb10_loss": 1.4141487673400788,
  "train/audio_cb11_loss": 1.497990311175968,
  "train/audio_cb12_loss": 1.4434308664118636,
  "train/audio_cb13_loss": 1.5248994816741648,
  "train/audio_cb14_loss": 1.6533722877140764,
  "train/audio_cb15_loss": 1.5783799295343377,
  "train/audio_cb1_loss": 1.5677558877712026,
  "train/audio_cb2_loss": 2.046810675853505,
  "train/audio_cb3_loss": 2.0684297871043387,
  "train/audio_cb4_loss": 2.072625080521919,
  "train/audio_cb5_loss": 2.143143277919208,
  "train/audio_cb6_loss": 2.2518951566469845,
  "train/audio_cb7_loss": 2.264534084358093,
  "train/audio_cb8_loss": 1.0952067622387012,
  "train/audio_cb9_loss": 1.182114901156783,
  "train/audio_loss": 1.5219106674194336,
  "train/avg_wps": 12315.489848508983,
  "train/ctx_injected_pct": 2.178703703703704,
  "train/ctx_samples": 25,
  "train/eta_in_seconds": 46364.05104658744,
  "train/inj_drop_anchor": 0,
  "train/inj_drop_final": 0,
  "train/inj_drop_space": 0,
  "train/inj_in_window": 51,
  "train/inj_place_rate": 100,
  "train/inj_placed": 51,
  "train/inj_token_yield": 100,
  "train/inj_total": 152,
  "train/inj_truncated": 0,
  "train/lora_l2_loss": 1.621246337890625e-05,
  "train/loss": 1.6487773656845093,
  "train/lr": 9.604933292398958e-07,
  "train/pad_token_loss": 0.2157666559020678,
  "train/peak_allocated_mem": 39.43436908721924,
  "train/percent_done": 21.464646464646464,
  "train/pred_pad_pct": 74.93888888888888,
  "train/prob_real_tokens": 0.7053055555555555,
  "train/real_token_loss": 1.010420064131419,
  "train/real_token_pct": 14.230382855229378,
  "train/text_loss": 0.8878056804339091,
  "train/wps": 12405.37918603502
}