{
  "_runtime": 24497.110837843,
  "_step": 256,
  "_timestamp": 1775401088.7472858,
  "_wandb.runtime": 24497,
  "eval/audio_eval_loss": 1.443994402885437,
  "eval/eval_loss": 2.8967111110687256,
  "eval/eval_pred_pad_pct": 72.49126984126984,
  "eval/eval_real_token_pct": 9.582468304181235,
  "eval/pad_token_eval_loss": 0.2951687148639134,
  "eval/perplexity": 7.447267055511475,
  "eval/real_token_eval_loss": 1.4527167081832886,
  "eval/text_eval_loss": 1.4527167081832886,
  "eval/train_loss": 2.178287982940674,
  "gen_eval/audio/eval_casual_hangout": "{'_type': 'audio-file', 'path': 'media/audio/gen_eval/audio/eval_casual_hangout_256_a2339d70ee42fa110adb.wav', 'sha256': 'a2339d70ee42fa110adb3f8a8b8a1417e2ba43eae291eaffb28db880ce053a8d', 'size': 11520044}",
  "gen_eval/audio/eval_creative_project": "{'_type': 'audio-file', 'path': 'media/audio/gen_eval/audio/eval_creative_project_256_01c5728bd3a364c179f3.wav', 'sha256': '01c5728bd3a364c179f3159e6bbc6a567dabc853f48d77657731c17ae45856ae', 'size': 11520044}",
  "gen_eval/audio/eval_life_decision": "{'_type': 'audio-file', 'path': 'media/audio/gen_eval/audio/eval_life_decision_256_b340d1526969668a28c4.wav', 'sha256': 'b340d1526969668a28c4286f40012d6058efdaaa2425a7cffef037bb30050c7d', 'size': 11520044}",
  "gen_eval/audio/eval_relationship_advice": "{'_type': 'audio-file', 'path': 'media/audio/gen_eval/audio/eval_relationship_advice_256_1923b74c99526c4f499c.wav', 'sha256': '1923b74c99526c4f499c03ddab6886b3e14eee314cdd27f156dd7ca9d1432287', 'size': 11520044}",
  "gen_eval/audio/eval_venting_work": "{'_type': 'audio-file', 'path': 'media/audio/gen_eval/audio/eval_venting_work_256_6fc15c59f6d8b53680b3.wav', 'sha256': '6fc15c59f6d8b53680b364d47775a851316ac5887fe9e5e14f4b93e61e60257d', 'size': 11520044}",
  "gen_eval/backchannel_rate_per_hour": 48,
  "gen_eval/coherence_mean": 2.8,
  "gen_eval/effectiveness_mean": 2.6,
  "gen_eval/grounding_correct_pct": 0,
  "gen_eval/grounding_mean": 1,
  "gen_eval/grounding_n_claims": 0,
  "gen_eval/grounding_n_correct": 0,
  "gen_eval/grounding_n_fabricated": 0,
  "gen_eval/grounding_n_garbled": 0,
  "gen_eval/longest_silence_s": 2.08,
  "gen_eval/loudness_interturn_sd": 3.347665322400367,
  "gen_eval/n_dialogues_ok": 5,
  "gen_eval/naturalness_mean": 2.8,
  "gen_eval/pct_overlap": 6.60377358490566,
  "gen_eval/review_table_step_112": "{'_latest_artifact_path': 'wandb-client-artifact://wnpvox5z7i9c8gv0onxqry5i525tpmdktl8johimavoa0hbmbwo2291wg8wcn0976r1ms77f4z7yxq0luu7hl5safzk05hwt9ownz0fecavhysu1pq4cu5ph3zxpwfq3:latest/gen_eval/review_table_step_112.table.json', '_type': 'table-file', 'artifact_path': 'wandb-client-artifact://jqsl33zjbo8tuciuzq0igsap61v6a2xct9epd2dq1j9ttkpbirtrfqmwz05hxaxmscp497gx45sx16282lvlpw1p1zxznfta9db95mtn47e1wbzvjag6zdijc87oqb2n/gen_eval/review_table_step_112.table.json', 'log_mode': 'IMMUTABLE', 'ncols': 13, 'nrows': 5, 'path': 'media/table/gen_eval/review_table_step_112_112_c42db9c26b2b69e433c5.table.json', 'sha256': 'c42db9c26b2b69e433c5f8c3b500c20a180c83c08fae506f3431543ce0b143d1', 'size': 1655}",
  "gen_eval/review_table_step_128": "{'_latest_artifact_path': 'wandb-client-artifact://y3tzc2a7sawjtr5jvg9gtfsxmf1v6fbcvx0if03lnnvgolbe47mncl9todkigkin3u128gaqnn0wmg7bqs02zjo4yryjik5lok09us5hlq5ta165ikf1wuq7dv4v3u37:latest/gen_eval/review_table_step_128.table.json', '_type': 'table-file', 'artifact_path': 'wandb-client-artifact://7s5xfhh4am2h781rmx6umlm521e140nxwkcvu1ixvbtczs5jhavl7ih3o1ojbzk9hrbvk8kr5eknq8vvmhoa059k2cdf1qaal9gyu2m0b0nqryjuzqyb1t0a7qx1l0qu/gen_eval/review_table_step_128.table.json', 'log_mode': 'IMMUTABLE', 'ncols': 13, 'nrows': 5, 'path': 'media/table/gen_eval/review_table_step_128_128_2c1d32636eeab6611e17.table.json', 'sha256': '2c1d32636eeab6611e17a1bb0086aed4535a10a2c585a2ed8017b68c3cc58d3f', 'size': 1577}",
  "gen_eval/review_table_step_144": "{'_latest_artifact_path': 'wandb-client-artifact://4ykjgwh7w3kvkglfx3p8ssdz305ley8hrwjoa7x3er24unklo15wlxunqkikwrsseqfddlkdmodp8u48g6h2xbz6sx0ptehd87rloj2aw2r64d3j8mnb45e6wiclebsk:latest/gen_eval/review_table_step_144.table.json', '_type': 'table-file', 'artifact_path': 'wandb-client-artifact://pxch5uidt61tsba5y61vcqefei4piim1h2j7sh5p7ocfwzjb2svgtan2s8fvrf3374w5h2e4zgjwbyzrmb7jpen05o93fyhhlfg66aw9c0oywyce7xxtq4ondduzitl1/gen_eval/review_table_step_144.table.json', 'log_mode': 'IMMUTABLE', 'ncols': 13, 'nrows': 5, 'path': 'media/table/gen_eval/review_table_step_144_144_078523f20df4c61a7bc5.table.json', 'sha256': '078523f20df4c61a7bc5590fde01b92946b18920b3cc04d3e6f73310dcbd8afb', 'size': 1544}",
  "gen_eval/review_table_step_16": "{'_latest_artifact_path': 'wandb-client-artifact://kh25uyktm9c8usdm7hz8uhm7fn4dqdu37erf8pk93p941r16e53isymt81c8euljeiu0ur1dzkoxzuruwhvlwvu4d7m6xzbrchxkg8ne6v0mn0m9vgrgrwbtbdg8u2ku:latest/gen_eval/review_table_step_16.table.json', '_type': 'table-file', 'artifact_path': 'wandb-client-artifact://j4be58wgokgfxj8c4atpmz5y1fnwgk8u3fgj4dqy48jxd1nobz05egs58j6qmllg4qg9xok1l0944p0uthbbhhwo5e9nocalxinl511yal3l7k2gd2jqlehaytfyzdct/gen_eval/review_table_step_16.table.json', 'log_mode': 'IMMUTABLE', 'ncols': 13, 'nrows': 5, 'path': 'media/table/gen_eval/review_table_step_16_16_e600124260135cebe051.table.json', 'sha256': 'e600124260135cebe051989e957746691320204fb4efddb872bdc7ed49d5fd9e', 'size': 1711}",
  "gen_eval/review_table_step_160": "{'_latest_artifact_path': 'wandb-client-artifact://ofwx4me23p20li52hwk43qb2reooauxuc7pmu4nyape14iqsdpz43ulone2h6rdc4ju6tmb2c8u88y3nc5q8s4abtkzan1u5zmq45a5ifnzhd4us0brbnpgh0jvu91rh:latest/gen_eval/review_table_step_160.table.json', '_type': 'table-file', 'artifact_path': 'wandb-client-artifact://z3dve3co24j4ns1zlr471p4ax40ylixe02bauag6x2xkc4pvlwgsxenkdmh19draq4dmkz7yfrtxdtrdx2zhdhv25r2zgu26ysiakjcq8z48mw0xpfnhorn46kskwnv5/gen_eval/review_table_step_160.table.json', 'log_mode': 'IMMUTABLE', 'ncols': 13, 'nrows': 5, 'path': 'media/table/gen_eval/review_table_step_160_160_982623112fff561433ce.table.json', 'sha256': '982623112fff561433ce51c2b6acb85e0cc3f6143f4817e269c3d796b42a154d', 'size': 1594}",
  "gen_eval/review_table_step_176": "{'_latest_artifact_path': 'wandb-client-artifact://sz8peocmrox58vwz5wiw6550jujec8izwza2c9gy95fqg7t4b3jn0044fm6k8k4e4jxnkfkzh8qjoo111t94uhqltqrg2lu9sm793rudnl5bn401sofcd3lhe3sref90:latest/gen_eval/review_table_step_176.table.json', '_type': 'table-file', 'artifact_path': 'wandb-client-artifact://8fc2e4v0jtw8xrmakzqp95hhdipq8gaq86eevvflhjki7twl2bsny78cw5civp2g8ogwuzjvyd4hj3zu8erbpnxtotee3rkl4hok8cei3mju9udkrcmxmx6519fn99fz/gen_eval/review_table_step_176.table.json', 'log_mode': 'IMMUTABLE', 'ncols': 13, 'nrows': 5, 'path': 'media/table/gen_eval/review_table_step_176_176_623d5ef63f2d6d0490f2.table.json', 'sha256': '623d5ef63f2d6d0490f2a78157b68ee3272b7ca95075d964fa95e1cd0b34f188', 'size': 1650}",
  "gen_eval/review_table_step_192": "{'_latest_artifact_path': 'wandb-client-artifact://48c1eblo3qgoq9gfkywraj175lrye8t9sr02sg0ivwkft1488zh32kfvwgecvtd44930bb45n3l83dg8iio9s9tc08gkqrpo2vafrzfjdsc0nrigph6ssodbsrd1svc3:latest/gen_eval/review_table_step_192.table.json', '_type': 'table-file', 'artifact_path': 'wandb-client-artifact://kjf9ypp67zp23mrehq3jgjihdn5qqjtlh8fqfyvanhuxlqelegxjoj4xif6zc78dc4xgoi12hndewjdfj2dyqfeldjtv7ublyb712hrtb50b9m7on6yxt83cdg3ai8mg/gen_eval/review_table_step_192.table.json', 'log_mode': 'IMMUTABLE', 'ncols': 13, 'nrows': 5, 'path': 'media/table/gen_eval/review_table_step_192_192_75cc66629f6f78ecfd23.table.json', 'sha256': '75cc66629f6f78ecfd2313ef51376cc39a8878a616f5e07982449d1ef3c2fd50', 'size': 1484}",