{
  "_runtime": 6093.981598026,
  "_step": 95,
  "_timestamp": 1775407192.6818154,
  "_wandb.runtime": 6093,
  "eval/audio_eval_loss": 1.4974052906036377,
  "eval/eval_loss": 3.2431275844573975,
  "eval/eval_pred_pad_pct": 57.99074074074074,
  "eval/eval_real_token_pct": 11.079377118342776,
  "eval/pad_token_eval_loss": 0.2575921873251597,
  "eval/perplexity": 9.468445777893066,
  "eval/real_token_eval_loss": 1.7457222541173298,
  "eval/text_eval_loss": 1.7457222938537598,
  "eval/train_loss": 2.391550064086914,
  "gen_eval/audio/eval_casual_hangout": "{'_type': 'audio-file', 'path': 'media/audio/gen_eval/audio/eval_casual_hangout_80_739e5570463465f6fcc8.wav', 'sha256': '739e5570463465f6fcc8aceafe9141a4d39f5e13e6fddd17fb163ea9c68ebb6f', 'size': 11520044}",
  "gen_eval/audio/eval_creative_project": "{'_type': 'audio-file', 'path': 'media/audio/gen_eval/audio/eval_creative_project_80_4fe9a1bfd193eb1c1568.wav', 'sha256': '4fe9a1bfd193eb1c1568afa04797df1ad3b79d7fd2c4a39de7da6e5a9942eab6', 'size': 11520044}",
  "gen_eval/audio/eval_life_decision": "{'_type': 'audio-file', 'path': 'media/audio/gen_eval/audio/eval_life_decision_80_d40112e0a2f89b27f6b6.wav', 'sha256': 'd40112e0a2f89b27f6b6d50e1f1f247878f758c542e16bf9f92c11f6b11c16ea', 'size': 11520044}",
  "gen_eval/audio/eval_relationship_advice": "{'_type': 'audio-file', 'path': 'media/audio/gen_eval/audio/eval_relationship_advice_80_834fe94a51ffba2b516d.wav', 'sha256': '834fe94a51ffba2b516d82d31d2515485bbe84f8fcaecd91b257b62c7b5ff68e', 'size': 11520044}",
  "gen_eval/audio/eval_venting_work": "{'_type': 'audio-file', 'path': 'media/audio/gen_eval/audio/eval_venting_work_80_99f6aba2556c8e85e3dc.wav', 'sha256': '99f6aba2556c8e85e3dcf3799f64e560b99b4ef8fba912078b91ca9a41e60bdc', 'size': 11520044}",
  "gen_eval/backchannel_rate_per_hour": 90,
  "gen_eval/coherence_mean": 2.8,
  "gen_eval/effectiveness_mean": 3.2,
  "gen_eval/grounding_correct_pct": 66.66666666666666,
  "gen_eval/grounding_mean": 3.6666666666666665,
  "gen_eval/grounding_n_claims": 3,
  "gen_eval/grounding_n_correct": 2,
  "gen_eval/grounding_n_fabricated": 1,
  "gen_eval/grounding_n_garbled": 0,
  "gen_eval/longest_silence_s": 2.08,
  "gen_eval/loudness_interturn_sd": 3.546514127246988,
  "gen_eval/n_dialogues_ok": 5,
  "gen_eval/naturalness_mean": 2.8,
  "gen_eval/pct_overlap": 8.585858585858585,
  "gen_eval/review_table_step_16": "{'_latest_artifact_path': 'wandb-client-artifact://2lpqhl725eyefqn2ymckyr01ncx3w1h15rdichlm9012ucedj7ef8hnjgxosl3fkdguku8x4a6srp0mmzo7c9o786kor512ljl7l3sz36002914feuvacfqu198armxa:latest/gen_eval/review_table_step_16.table.json', '_type': 'table-file', 'artifact_path': 'wandb-client-artifact://1byzjsssexvufmohrn9p4m6qs4hgy8pew0hwgrfulcc8r72ux5u6q8ies6cfa4ifmhd58a4eyj7uhs4sjtrdzr774sp2ultcwcwadwxpai7irq8m2x4mj5ie5lsjsgdy/gen_eval/review_table_step_16.table.json', 'log_mode': 'IMMUTABLE', 'ncols': 13, 'nrows': 5, 'path': 'media/table/gen_eval/review_table_step_16_16_c06725ede88de3ff6bcd.table.json', 'sha256': 'c06725ede88de3ff6bcdd1395051d0a3db1f3a4e693bc7e649eef3c8ead3e8d1', 'size': 1695}",
  "gen_eval/review_table_step_32": "{'_latest_artifact_path': 'wandb-client-artifact://49133itwoq196w457cwl9uvs6t7csskq1bx715b0tzsyhs9hf71x4yu7sn00psy6bu4okg6u2ey4md9jnu6yvnywzossqef07lr1brgl7qguq7biz89sachhsuqtm38y:latest/gen_eval/review_table_step_32.table.json', '_type': 'table-file', 'artifact_path': 'wandb-client-artifact://8isrl7rpqplqe295es3mlx1c4vtu2wi8judzidpkzaef7544v20iy12jpx5o13b4xw47oizm59pzmmckj4pb381dnkv2jexnxt3jbu7g9zt50hv2ldp2403n3w69fuzc/gen_eval/review_table_step_32.table.json', 'log_mode': 'IMMUTABLE', 'ncols': 13, 'nrows': 5, 'path': 'media/table/gen_eval/review_table_step_32_32_4fe367e65ee7e52d09b2.table.json', 'sha256': '4fe367e65ee7e52d09b2865486da800d53a10071e27afa272e7df6e71b737203', 'size': 1582}",
  "gen_eval/review_table_step_48": "{'_latest_artifact_path': 'wandb-client-artifact://26rbmyelyt8tv3c60pyxmu01liyzyaghiko1f7t214bvoekon7jjf2sbulumm2mtblcu6rtv0gvf7r8ktkc8z8lg606ih01yhynx181r7rvo6tmdwvfbp3ds7e728dcf:latest/gen_eval/review_table_step_48.table.json', '_type': 'table-file', 'artifact_path': 'wandb-client-artifact://k2j1qwj11ggivvavlqwimk3j0h5vda4gzevzeb8kgnittex0vzaf0f00ebs78bvj0vt84kkw101ixk4bos8n721qurlw4apn5nx1835rtrogmxv8abv7h1fbpskg9ox6/gen_eval/review_table_step_48.table.json', 'log_mode': 'IMMUTABLE', 'ncols': 13, 'nrows': 5, 'path': 'media/table/gen_eval/review_table_step_48_48_d425df6a7c4932c5cf31.table.json', 'sha256': 'd425df6a7c4932c5cf31dea0c14c4e9f473c7031cb43f65b0a930e5c6fd946f4', 'size': 1404}",
  "gen_eval/review_table_step_64": "{'_latest_artifact_path': 'wandb-client-artifact://2n5d0f3mrw66im24gmttp6xi45i66027kxv3gpdla00kbkkh8hms7ja2vumifg9mkhr78bjfkzcyjq5hgiobixm6xqw1ahhlf621oi974imhv00zqvz48hiydc63e5co:latest/gen_eval/review_table_step_64.table.json', '_type': 'table-file', 'artifact_path': 'wandb-client-artifact://zhho2fa46ghozswkm0uofwkwa356pu237lilh5xg18f4s6hl71mw15tmhckj60mii2uc0tuj79h7s16hlg114e6alw7bjys69onxoyhr03aiiboa422ak4aul5lq0ivh/gen_eval/review_table_step_64.table.json', 'log_mode': 'IMMUTABLE', 'ncols': 13, 'nrows': 5, 'path': 'media/table/gen_eval/review_table_step_64_64_d0bb172e66a7d389f5ce.table.json', 'sha256': 'd0bb172e66a7d389f5ce92defdfab48293e95a3939092f4c853d20e56755972b', 'size': 1446}",
  "gen_eval/review_table_step_80": "{'_latest_artifact_path': 'wandb-client-artifact://51yd6kuq32ix6xgucvk50dsldpry48ofxa8tnvuejuk3blxjgnjxbvf8kdx0r4w1chvna7m60qs42t72g2yjouoirt5jk74510o9rpl8l5u65x4lyzoyxkhefedbv27n:latest/gen_eval/review_table_step_80.table.json', '_type': 'table-file', 'artifact_path': 'wandb-client-artifact://cfgvw60sxczvvj5axwoda3i0uittktaexe1zgcsnfxkaasogn6fuzygouzfyrcu6w40wo03crz5i4a7ukc1hpuxfygtvx2f9nvkuhuw8rvcqsynxpf7f8r1gdr7td1j1/gen_eval/review_table_step_80.table.json', 'log_mode': 'IMMUTABLE', 'ncols': 13, 'nrows': 5, 'path': 'media/table/gen_eval/review_table_step_80_80_99a8eb405125368704e4.table.json', 'sha256': '99a8eb405125368704e4a23356614ba657564ec12e1ab3eaed0c4ceb16a77345', 'size': 1658}",
  "gen_eval/silence_pct": 68,
  "gen_eval/speech_rate_wps": 3.943096252961426,
  "gen_eval/turn_duration_median_s": 1.6700000000000017,
  "gen_eval/turn_gap_median_ms": 554.999999999998,
  "train/allocated_mem": 19.3623104095459,
  "train/audio_cb0_loss": 0.8919628022483032,
  "train/audio_cb10_loss": 1.5699306874764016,
  "train/audio_cb11_loss": 1.6477041102274872,
  "train/audio_cb12_loss": 1.6385754539715878,
  "train/audio_cb13_loss": 1.7059590039173116,
  "train/audio_cb14_loss": 1.8185529545025485,
  "train/audio_cb15_loss": 1.7850860082947897,
  "train/audio_cb1_loss": 1.4828632362658107,
  "train/audio_cb2_loss": 1.896346472649613,
  "train/audio_cb3_loss": 1.941112930963281,
  "train/audio_cb4_loss": 1.9406448372899752,
  "train/audio_cb5_loss": 1.987709729563904,
  "train/audio_cb6_loss": 2.116937137176704,
  "train/audio_cb7_loss": 2.094875710897678,
  "train/audio_cb8_loss": 1.1535005641379148,
  "train/audio_cb9_loss": 1.2759914589036248,
  "train/audio_loss": 1.503593683242798,
  "train/avg_wps": 10254.767743422928,
  "train/ctx_injected_pct": 0,
  "train/ctx_samples": 0,
  "train/eta_in_seconds": 4804.204369386874,
  "train/lora_l2_loss": 5.5730342864990234e-06,
  "train/loss": 2.5108582973480225,
  "train/lr": 7.923469424434001e-07,
  "train/pad_token_loss": 0.31100520491600037,
  "train/peak_allocated_mem": 37.93181371688843,
  "train/percent_done": 37.109375,
  "train/pred_pad_pct": 54.31111111111111,
  "train/prob_real_tokens": 0.9674117647058824,
  "train/real_token_loss": 1.7590559720993042,
  "train/real_token_pct": 14.9835101167662,
  "train/text_loss": 1.7590559720993042,
  "train/wps": 12726.075230965178
}