{
  "_runtime": 7193.31234839,
  "_step": 77,
  "_timestamp": 1775473755.2761872,
  "_wandb.runtime": 7193,
  "eval/audio_eval_loss": 1.4148615598678589,
  "eval/eval_loss": 2.020294189453125,
  "eval/eval_pred_pad_pct": 60.497727272727275,
  "eval/eval_real_token_pct": 18.497118546902815,
  "eval/pad_token_eval_loss": 0.27188354324210773,
  "eval/perplexity": 4.056664943695068,
  "eval/real_token_eval_loss": 0.6508647745305841,
  "eval/text_eval_loss": 0.6054325103759766,
  "eval/train_loss": 1.3240013122558594,
  "gen_eval/audio/eval_ace_inhibitor_lapse": "{'_type': 'audio-file', 'path': 'media/audio/gen_eval/audio/eval_ace_inhibitor_lapse_64_df69649f40232ca4c828.mp3', 'sha256': 'df69649f40232ca4c828e300b014b991a6daca85ac5c0315eb1701e30b379fd8', 'size': 1574277}",
  "gen_eval/audio/eval_anticoagulant_routine": "{'_type': 'audio-file', 'path': 'media/audio/gen_eval/audio/eval_anticoagulant_routine_64_9fe1b24c2731b8d8f0e7.mp3', 'sha256': '9fe1b24c2731b8d8f0e7c6cec01b66b38e2e55eaf60bd5b41b65857c2d143ee7', 'size': 1648365}",
  "gen_eval/audio/eval_glp1_checkin": "{'_type': 'audio-file', 'path': 'media/audio/gen_eval/audio/eval_glp1_checkin_64_2d1c1f0e1f1af440bb44.mp3', 'sha256': '2d1c1f0e1f1af440bb44110962c49dddb6410887d974592f24062a595e0369c6', 'size': 1473693}",
  "gen_eval/audio/eval_ssri_dropoff": "{'_type': 'audio-file', 'path': 'media/audio/gen_eval/audio/eval_ssri_dropoff_64_7aeb12067bd7ad4e9353.mp3', 'sha256': '7aeb12067bd7ad4e9353018984545648e29f2dc11a3cf81a74ed3093d18470b1', 'size': 1642821}",
  "gen_eval/audio/eval_statin_baseline": "{'_type': 'audio-file', 'path': 'media/audio/gen_eval/audio/eval_statin_baseline_64_bf2924f8520054d525ae.mp3', 'sha256': 'bf2924f8520054d525ae3dce1f643c751f336d57d767a5e0cbfd4ab5a7d05170', 'size': 1641357}",
  "gen_eval/backchannel_rate_per_hour": 24,
  "gen_eval/coherence_mean": 1,
  "gen_eval/effectiveness_mean": 1,
  "gen_eval/grounding_correct_pct": 87.5,
  "gen_eval/grounding_mean": 4.5,
  "gen_eval/grounding_n_claims": 5,
  "gen_eval/grounding_n_correct": 4,
  "gen_eval/grounding_n_fabricated": 0,
  "gen_eval/grounding_n_garbled": 1,
  "gen_eval/injection_accuracy_pct": 33.33333333333333,
  "gen_eval/injection_usage_pct": 0,
  "gen_eval/longest_silence_s": 7.28,
  "gen_eval/loudness_interturn_sd": 4.259666547775623,
  "gen_eval/n_dialogues_ok": 5,
  "gen_eval/naturalness_mean": 1.2,
  "gen_eval/pct_overlap": 0.8333333333333334,
  "gen_eval/review_table_step_32": "{'_latest_artifact_path': 'wandb-client-artifact://pugzrrdp2s73l1p9yocc4ziiunmv4myeqc2rfoku6nfrbyoqyulkaswd2fhksbdcfhxhray4242rp1pwcon4uerl3rjs68edwlq17j1apyztn3eac5qedcrybb357jwd:latest/gen_eval/review_table_step_32.table.json', '_type': 'table-file', 'artifact_path': 'wandb-client-artifact://jlhcivxlnw5docqpknyq6dj8tzcaaxpko7dk0ppauhz35xjd1ixy0d4bxmyop86tminsqysk5rv9nhr6ohasbch8eid67aydo9poabzrt874hthrfx8funqmsavatpr8/gen_eval/review_table_step_32.table.json', 'log_mode': 'IMMUTABLE', 'ncols': 13, 'nrows': 5, 'path': 'media/table/gen_eval/review_table_step_32_32_f6774b5843cbdc17e197.table.json', 'sha256': 'f6774b5843cbdc17e19770bf687167e2a6f26b8a7bd5451610600a4d72467b7b', 'size': 1529}",
  "gen_eval/review_table_step_64": "{'_latest_artifact_path': 'wandb-client-artifact://ql88n54fhzto3wg8s07de5sv1k0k3qk8nmtf1tj52mqgapd8w52itj6sgc4zyngxkjn72nc13167u3m73gtmoz5sf3tqz8m4tqnmnixkqghoflmn2mt0iix5rema9t7b:latest/gen_eval/review_table_step_64.table.json', '_type': 'table-file', 'artifact_path': 'wandb-client-artifact://oariq9cdsta9zq8oxgta5qdiwc9xawg8107zd7za0adqnpfspqto9t7u770hv0qque85fgvl8mxrdxdfsxfkq6uovvzv3rqkpa8nhqbb2pk54exjk4cqjsbo2cgglnpd/gen_eval/review_table_step_64.table.json', 'log_mode': 'IMMUTABLE', 'ncols': 13, 'nrows': 5, 'path': 'media/table/gen_eval/review_table_step_64_64_0b31754fab03dcf51e95.table.json', 'sha256': '0b31754fab03dcf51e952f9b7aa5293d199f1e899f4e62ae3897dd17d3bc28d1', 'size': 1574}",
  "gen_eval/silence_pct": 75.2088888888889,
  "gen_eval/speech_rate_wps": 3.9940733693546946,
  "gen_eval/turn_duration_median_s": 1.3499999999999943,
  "gen_eval/turn_gap_median_ms": 1840.0000000000016,
  "train/allocated_mem": 19.309529781341553,
  "train/audio_cb0_loss": 0.9303094699544516,
  "train/audio_cb10_loss": 1.4096183697172628,
  "train/audio_cb11_loss": 1.4552972977352423,
  "train/audio_cb12_loss": 1.4289046231038272,
  "train/audio_cb13_loss": 1.4916094246314495,
  "train/audio_cb14_loss": 1.5983136525996695,
  "train/audio_cb15_loss": 1.5621731698094032,
  "train/audio_cb1_loss": 1.5232267311838,
  "train/audio_cb2_loss": 1.9965224299802329,
  "train/audio_cb3_loss": 2.008417154233791,
  "train/audio_cb4_loss": 2.0122518149671373,
  "train/audio_cb5_loss": 2.0811483953994516,
  "train/audio_cb6_loss": 2.169354734391486,
  "train/audio_cb7_loss": 2.1760088695993987,
  "train/audio_cb8_loss": 1.0482861779530166,
  "train/audio_cb9_loss": 1.156018139978107,
  "train/audio_loss": 1.4535830815633135,
  "train/avg_wps": 12263.924317561585,
  "train/ctx_injected_pct": 3.120833333333333,
  "train/ctx_samples": 28,
  "train/eta_in_seconds": 6520.588184443387,
  "train/inj_drop_anchor": 0,
  "train/inj_drop_final": 0,
  "train/inj_drop_space": 0,
  "train/inj_in_window": 33,
  "train/inj_place_rate": 100,
  "train/inj_placed": 33,
  "train/inj_token_yield": 100,
  "train/inj_total": 158,
  "train/inj_truncated": 0,
  "train/lora_l2_loss": 0.000804901123046875,
  "train/loss": 1.2909305095672607,
  "train/lr": 1.2774057991502098e-05,
  "train/pad_token_loss": 0.2913789500792821,
  "train/peak_allocated_mem": 27.956458568573,
  "train/percent_done": 44,
  "train/pred_pad_pct": 58.8875,
  "train/prob_real_tokens": 0.9505710784313726,
  "train/real_token_loss": 0.5972938934961954,
  "train/real_token_pct": 19.39830508474576,
  "train/text_loss": 0.563334047794342,
  "train/wps": 12429.1175268689
}