{
  "_runtime": 19473.937085256,
  "_step": 256,
  "_timestamp": 1774869785.2276447,
  "_wandb.runtime": 19473,
  "eval/audio_eval_loss": 1.355124831199646,
  "eval/eval_loss": 1.6685388088226318,
  "eval/perplexity": 3.178924560546875,
  "eval/text_eval_loss": 0.31341397762298584,
  "eval/train_loss": 1.6407697995503745,
  "gen_eval/audio/eval_baseline": "{'_type': 'audio-file', 'path': 'media/audio/gen_eval/audio/eval_baseline_256_f798b16d7886437eab3f.wav', 'sha256': 'f798b16d7886437eab3f45915b6e224e78a9dc68e412aaca01dbf53d39a21def', 'size': 28800044}",
  "gen_eval/audio/eval_claims": "{'_type': 'audio-file', 'path': 'media/audio/gen_eval/audio/eval_claims_256_ca45af45df4956f9e1a0.wav', 'sha256': 'ca45af45df4956f9e1a0c55541b5af138f83a9138d2e57cc55fcd269482ca2de', 'size': 28800044}",
  "gen_eval/audio/eval_renewal": "{'_type': 'audio-file', 'path': 'media/audio/gen_eval/audio/eval_renewal_256_36ada45bf209224b370a.wav', 'sha256': '36ada45bf209224b370aa185c530564eb4281c2482b610d21687c1fd46d7f073', 'size': 28800044}",
  "gen_eval/backchannel_rate_per_hour": 60,
  "gen_eval/coherence_mean": 1.3333333333333333,
  "gen_eval/effectiveness_mean": 1.6666666666666667,
  "gen_eval/grounding_correct_pct": 48.333333333333336,
  "gen_eval/grounding_mean": 2.9333333333333336,
  "gen_eval/grounding_n_claims": 14,
  "gen_eval/grounding_n_correct": 7,
  "gen_eval/grounding_n_fabricated": 5,
  "gen_eval/grounding_n_garbled": 2,
  "gen_eval/injection_accuracy_pct": 33.33333333333333,
  "gen_eval/injection_usage_pct": 57.5,
  "gen_eval/longest_silence_s": 6.08,
  "gen_eval/loudness_interturn_sd": 3.449252015427836,
  "gen_eval/n_dialogues_ok": 3,
  "gen_eval/naturalness_mean": 1.3333333333333333,
  "gen_eval/pct_overlap": 10.945273631840797,
  "gen_eval/review_table_step_128": "{'_latest_artifact_path': 'wandb-client-artifact://yrmb3y3h19dj7x4s68vp2qym1pv92angrtblxl370tc4un0l16iels1pn5quayb0epvhqdnhmmdnsvbcudb2rtlnvwc0mjb0sz9xvs58orgrzj7drf217vh9zn06zdha:latest/gen_eval/review_table_step_128.table.json', '_type': 'table-file', 'artifact_path': 'wandb-client-artifact://5fksz8eoduuu1tqbdtnu8knmlrf0pz6i6rvd43sdf35sxkuka2s067r70qdr4l2kpehudwedhnh88fi2b1bc0djmuogs09qi7pvfv8w2fel9wbumg8xy2078ofawc14p/gen_eval/review_table_step_128.table.json', 'log_mode': 'IMMUTABLE', 'ncols': 13, 'nrows': 3, 'path': 'media/table/gen_eval/review_table_step_128_128_dda745401f331972847a.table.json', 'sha256': 'dda745401f331972847a4c71c5b1225ef736f7c266b3e00f44c24a5dde749db9', 'size': 1117}",
  "gen_eval/review_table_step_160": "{'_latest_artifact_path': 'wandb-client-artifact://qozifu04b0pq9n4v5uoq8qz20b5hym5j0fiaya05g9jn4kynvnusavq23wier7ghb2y5f0si25bhxng2fym7dxlnnqhyz9lw9s7e8ahcoxfbsyrb9h0thr5ganmjdtcl:latest/gen_eval/review_table_step_160.table.json', '_type': 'table-file', 'artifact_path': 'wandb-client-artifact://rwtllnyd4kk34pmo0gho01khwr1944gma9lv82dtfzmb9tjicx71j4i6q1rq4ni8i9s9mge0iinnjkskop57fre2y0nx541choyu6pyiyozpeso6543eqplan7xxzpx8/gen_eval/review_table_step_160.table.json', 'log_mode': 'IMMUTABLE', 'ncols': 13, 'nrows': 3, 'path': 'media/table/gen_eval/review_table_step_160_160_0143589e2dedbb3e66fa.table.json', 'sha256': '0143589e2dedbb3e66fa44ffbced90d8628144157d01787aaec0c28ecb0d2ce1', 'size': 1037}",
  "gen_eval/review_table_step_192": "{'_latest_artifact_path': 'wandb-client-artifact://6134xlkpxu8syaipm7ylzif8pyyjiz3pbhfhf7ujexx28gyfe0bobg43t4tzeqhgsy79igqs2l4t9l571fpsuivyv5907294vr5vuqcv0gvzdzgoluso5jbnp4knjp7j:latest/gen_eval/review_table_step_192.table.json', '_type': 'table-file', 'artifact_path': 'wandb-client-artifact://ju360zrb7tkv7s2cvggqnzgaivkj7yjmcl8uihpjgrqn38y236xhg21vawcbv2zm7b3ruefz8f6zpbjv7ef6yk96nwggm4hvo2qlxbskvnfyg85lmnqxhqypukm77ugk/gen_eval/review_table_step_192.table.json', 'log_mode': 'IMMUTABLE', 'ncols': 13, 'nrows': 3, 'path': 'media/table/gen_eval/review_table_step_192_192_a5f9b57d55c5ec478c58.table.json', 'sha256': 'a5f9b57d55c5ec478c583388da04b678367418910429afff4e4bc9260b78d5f2', 'size': 1071}",
  "gen_eval/review_table_step_224": "{'_latest_artifact_path': 'wandb-client-artifact://33ixxc9h3kwlln6wcp1b1tioellp857s9c8maildu01x4cfsnp7zie3un53g7ko9xg3klle64db710y1rdflo3li007av6bzo5xq2lwpcw628jxxf3qgkhlvyuxkcgtz:latest/gen_eval/review_table_step_224.table.json', '_type': 'table-file', 'artifact_path': 'wandb-client-artifact://vm1c7x0iours1sukrz45qumgimmrf2heez6qa98dsurypzi3f6qgwqaufxhh2faus91bm7pdbd8vao6zxfx889hzrfk903cmpwcq049n2yqar7g1wwq36z1py5n98o04/gen_eval/review_table_step_224.table.json', 'log_mode': 'IMMUTABLE', 'ncols': 13, 'nrows': 3, 'path': 'media/table/gen_eval/review_table_step_224_224_0868f8a02dfd569aa94b.table.json', 'sha256': '0868f8a02dfd569aa94b772949ed6bd67529988eb382a17c446dcb30f772c1c6', 'size': 980}",
  "gen_eval/review_table_step_256": "{'_latest_artifact_path': 'wandb-client-artifact://e7zyjrfoeiiyg6zwutyyp1b0raxlhc4vacellm00m4qshvn8epfy3nviomh4woj4oi09w15sm4qxbjgilb9s0qc1ovgvijn88n4yhgdmxxar82vszo41jdroyz1ye3qd:latest/gen_eval/review_table_step_256.table.json', '_type': 'table-file', 'artifact_path': 'wandb-client-artifact://nc5xade7kf5s1swk8omrtvmffjejz2h314kcx3yxbja6plxm9dwshrrucaxx0ayfzd0lngf08oe5quu2ojhnhfah66rs5ra3wuarqxktao1aqo05shyo5yuyffvv3a73/gen_eval/review_table_step_256.table.json', 'log_mode': 'IMMUTABLE', 'ncols': 13, 'nrows': 3, 'path': 'media/table/gen_eval/review_table_step_256_256_1100e32bd02e0ebfb4bd.table.json', 'sha256': '1100e32bd02e0ebfb4bd47c25f9d69d10aaac06e3815df98a86537fc405968b5', 'size': 1069}",
  "gen_eval/review_table_step_32": "{'_latest_artifact_path': 'wandb-client-artifact://4bjijmyv6b3upwjij3qp9ns0avnjgs54prpxevw3yri7o9o584joh543mix2didfgabkek0tdgx9wrdsjvujv3a9c408famf720hb6gskqc00omsfor7ucw94sm5v11a:latest/gen_eval/review_table_step_32.table.json', '_type': 'table-file', 'artifact_path': 'wandb-client-artifact://l8u8xq2wrq7hizrq9x9ujgclw0nadnlxp0nx5cuyy6zjhs5qicer7u3btu9v42crwp3nelvf1ye4majicwdoz522jnxou8ieosme3csqnybrv6srj334dct200x02807/gen_eval/review_table_step_32.table.json', 'log_mode': 'IMMUTABLE', 'ncols': 13, 'nrows': 3, 'path': 'media/table/gen_eval/review_table_step_32_32_640b5f4ce5d6f1b447a5.table.json', 'sha256': '640b5f4ce5d6f1b447a57461aa052b81fd4f76efc419ead05a66b736172bf745', 'size': 1040}",
  "gen_eval/review_table_step_64": "{'_latest_artifact_path': 'wandb-client-artifact://nyvxcb2mqfhvh5qlyqqxdqxczkzce1gkxg8zza6shjyi7xk60rk775xnrsatlim3zsfdqkzipsgpioi43spy470di7pf21c0597529iwkowfqv1sxtfq8b6114dspgw3:latest/gen_eval/review_table_step_64.table.json', '_type': 'table-file', 'artifact_path': 'wandb-client-artifact://goxfz1xbheknya7xn422wuttfb6lcvmb9nbl43v33c8p3epnxjdq1sc8t9yg5opy0fc2me0au2ta2ral5g956qhf8lw4mnj0jm16ko3yccyboqur6vsl0hypy1pq7vej/gen_eval/review_table_step_64.table.json', 'log_mode': 'IMMUTABLE', 'ncols': 13, 'nrows': 3, 'path': 'media/table/gen_eval/review_table_step_64_64_8d85a32255bd97483205.table.json', 'sha256': '8d85a32255bd97483205eb568edd35cab6554d07cb00424f533d535ae8965102', 'size': 973}",
  "gen_eval/review_table_step_96": "{'_latest_artifact_path': 'wandb-client-artifact://pz1vawpfnl5fv5y3mgrxigkc0xbfxxzkylm2mda8fzfltdzv74yd2fvh7vk5qdc7fyhvl09o6vzyda00y2qh63f8brztsrvvubxtnw41qpr8tsl2hpzynwiyw8o0o94d:latest/gen_eval/review_table_step_96.table.json', '_type': 'table-file', 'artifact_path': 'wandb-client-artifact://q19n4vyd809zitbqidi5onoxv2yi25mjyn0wzp0fscnetn6htb5hhg684ilp55ew3hkra6qr9cegvg870a67r5vvdrmtgkko7z3ud4m09b7qx0t223o0qvsocbjm8abk/gen_eval/review_table_step_96.table.json', 'log_mode': 'IMMUTABLE', 'ncols': 13, 'nrows': 3, 'path': 'media/table/gen_eval/review_table_step_96_96_e86a5c6cf7c03834ddc9.table.json', 'sha256': 'e86a5c6cf7c03834ddc90bf28c9d43be2585156e9798780088cd369ef2e6f81b', 'size': 990}",
  "gen_eval/silence_pct": 68.29333333333334,
  "gen_eval/speech_rate_wps": 4.134149547726161,
  "gen_eval/turn_duration_median_s": 1.8999999999999917,
  "gen_eval/turn_gap_median_ms": 1229.9999999999898,
  "train/allocated_mem": 7.897559642791748,
  "train/audio_cb0_loss": 0.9323651935923676,
  "train/audio_cb10_loss": 1.223043908125126,