{
  "_runtime": 2934.334435119,
  "_step": 21,
  "_timestamp": 1775456451.9869423,
  "_wandb.runtime": 2934,
  "eval/audio_eval_loss": 1.4636502265930176,
  "eval/eval_loss": 3.087796926498413,
  "eval/eval_pred_pad_pct": 74.07579365079366,
  "eval/eval_real_token_pct": 9.582468304181235,
  "eval/pad_token_eval_loss": 0.27719967705862864,
  "eval/perplexity": 8.501968383789062,
  "eval/real_token_eval_loss": 1.6241465977260046,
  "eval/text_eval_loss": 1.6241466999053955,
  "eval/train_loss": 2.3703627586364746,
  "gen_eval/audio/eval_casual_hangout": "{'_type': 'audio-file', 'path': 'media/audio/gen_eval/audio/eval_casual_hangout_16_30e918093f60246dfd14.wav', 'sha256': '30e918093f60246dfd140f9cd88ab2c5e950e977ecce5c8fe584f1e9b45923f2', 'size': 11520044}",
  "gen_eval/audio/eval_creative_project": "{'_type': 'audio-file', 'path': 'media/audio/gen_eval/audio/eval_creative_project_16_8b3f327793e5d2d0bc05.wav', 'sha256': '8b3f327793e5d2d0bc05cd6dcfa88fef69c8c6fc1d8a0d08cbff7c3d44059b92', 'size': 11520044}",
  "gen_eval/audio/eval_life_decision": "{'_type': 'audio-file', 'path': 'media/audio/gen_eval/audio/eval_life_decision_16_b1e822585ff937542978.wav', 'sha256': 'b1e822585ff937542978e06409814a955298849e8e64e8560125758a99ddae99', 'size': 11520044}",
  "gen_eval/audio/eval_relationship_advice": "{'_type': 'audio-file', 'path': 'media/audio/gen_eval/audio/eval_relationship_advice_16_b4d6f0bb733588412078.wav', 'sha256': 'b4d6f0bb733588412078106d65e8ce5d00c80b680c282fc7b5fab067d5fbc70f', 'size': 11520044}",
  "gen_eval/audio/eval_venting_work": "{'_type': 'audio-file', 'path': 'media/audio/gen_eval/audio/eval_venting_work_16_42afaf56296a85b690e1.wav', 'sha256': '42afaf56296a85b690e14da1cb7923914d044013d71a7c5d756dc23ba5fdd445', 'size': 11520044}",
  "gen_eval/backchannel_rate_per_hour": 252,
  "gen_eval/coherence_mean": 2.6,
  "gen_eval/effectiveness_mean": 3,
  "gen_eval/grounding_correct_pct": 25,
  "gen_eval/grounding_mean": 2,
  "gen_eval/grounding_n_claims": 7,
  "gen_eval/grounding_n_correct": 2,
  "gen_eval/grounding_n_fabricated": 3,
  "gen_eval/grounding_n_garbled": 2,
  "gen_eval/longest_silence_s": 2.08,
  "gen_eval/loudness_interturn_sd": 3.436566693210066,
  "gen_eval/n_dialogues_ok": 5,
  "gen_eval/naturalness_mean": 3.4,
  "gen_eval/pct_overlap": 21.21212121212121,
  "gen_eval/review_table_step_16": "{'_latest_artifact_path': 'wandb-client-artifact://4i4uuno4jph9goqy4lukyhrcqny2oumebnqm5tgng2t71nkc32j6lxqt5xrb9maquwsnjt4vcysld4hag2qo1vba30svbtory280q66zsvtlzdm0wgxkilq7sw8qc4qf:latest/gen_eval/review_table_step_16.table.json', '_type': 'table-file', 'artifact_path': 'wandb-client-artifact://dayfghqt3exflbflnpp454xy3ckyxiijbdqf9tra6qdn5tbjtff9y8l66tv3nl6nqvquxy5e56geb8f3fdd5fme9amf1j1oly02fw8b0it9ae5xdk8lijgzcbi6dyf1v/gen_eval/review_table_step_16.table.json', 'log_mode': 'IMMUTABLE', 'ncols': 13, 'nrows': 5, 'path': 'media/table/gen_eval/review_table_step_16_16_1f701c750dda99a33a36.table.json', 'sha256': '1f701c750dda99a33a36edf0283ac9b9b492e3efc574a55e97481ea921c031ca', 'size': 1602}",
  "gen_eval/silence_pct": 58.82666666666667,
  "gen_eval/speech_rate_wps": 4.300469319917093,
  "gen_eval/turn_duration_median_s": 1.5599999999999987,
  "gen_eval/turn_gap_median_ms": 465.0000000000034,
  "train/allocated_mem": 22.695178508758545,
  "train/audio_cb0_loss": 0.8395474352193519,
  "train/audio_cb10_loss": 1.7044159777434968,
  "train/audio_cb11_loss": 1.772413854385952,
  "train/audio_cb12_loss": 1.754443957672694,
  "train/audio_cb13_loss": 1.835062669473308,
  "train/audio_cb14_loss": 1.9442727936745,
  "train/audio_cb15_loss": 1.8334290053784943,
  "train/audio_cb1_loss": 1.340313468248714,
  "train/audio_cb2_loss": 1.6268668255968868,
  "train/audio_cb3_loss": 1.6950171073344773,
  "train/audio_cb4_loss": 1.6729447688303969,
  "train/audio_cb5_loss": 1.731937246749197,
  "train/audio_cb6_loss": 1.834219973117658,
  "train/audio_cb7_loss": 1.8147471989509043,
  "train/audio_cb8_loss": 1.2177122172884127,
  "train/audio_cb9_loss": 1.3891183091203458,
  "train/audio_loss": 1.4625827074050903,
  "train/avg_wps": 11798.40671162544,
  "train/ctx_injected_pct": 0,
  "train/ctx_samples": 0,
  "train/eta_in_seconds": 24379.56302324931,
  "train/lora_l2_loss": 6.109476089477539e-06,
  "train/loss": 2.2867441177368164,
  "train/lr": 1.83906121302697e-06,
  "train/pad_token_loss": 0.25896818935871124,
  "train/peak_allocated_mem": 60.09453773498535,
  "train/percent_done": 8.203125,
  "train/pred_pad_pct": 72.40833333333333,
  "train/prob_real_tokens": 0.7708382352941177,
  "train/real_token_loss": 1.555446743965149,
  "train/real_token_pct": 10.085613219638066,
  "train/text_loss": 1.555446743965149,
  "train/wps": 12394.399502283735
}