{
  "_runtime": 5238.630045739,
  "_step": 84,
  "_timestamp": 1775432860.89925,
  "_wandb.runtime": 5238,
  "eval/audio_eval_loss": 1.4142640829086304,
  "eval/eval_loss": 2.0559706687927246,
  "eval/eval_pred_pad_pct": 71.82962962962964,
  "eval/eval_real_token_pct": 16.32273520079013,
  "eval/pad_token_eval_loss": 0.23182309170564017,
  "eval/perplexity": 4.158233165740967,
  "eval/real_token_eval_loss": 0.7497264643510183,
  "eval/text_eval_loss": 0.6417064666748047,
  "eval/train_loss": 1.2932512760162354,
  "gen_eval/audio/eval_ace_inhibitor_lapse": "{'_type': 'audio-file', 'path': 'media/audio/gen_eval/audio/eval_ace_inhibitor_lapse_64_e1987fd9954f2539d94d.mp3', 'sha256': 'e1987fd9954f2539d94d55a51f5f74a5ec7c30b8f156b71461e05046a84a8932', 'size': 1507869}",
  "gen_eval/audio/eval_anticoagulant_routine": "{'_type': 'audio-file', 'path': 'media/audio/gen_eval/audio/eval_anticoagulant_routine_64_72b8c1d338d552e61803.mp3', 'sha256': '72b8c1d338d552e61803d50a64bdf2fa0160adf0ddd6843a3ab23fec6391c26c', 'size': 1505925}",
  "gen_eval/audio/eval_glp1_checkin": "{'_type': 'audio-file', 'path': 'media/audio/gen_eval/audio/eval_glp1_checkin_64_9bc480792504118fef2f.mp3', 'sha256': '9bc480792504118fef2f52081a4e4e5bb120d7cf49f10ed2d1336118f4d99e16', 'size': 1289901}",
  "gen_eval/audio/eval_ssri_dropoff": "{'_type': 'audio-file', 'path': 'media/audio/gen_eval/audio/eval_ssri_dropoff_64_495912c6991f346ecce1.mp3', 'sha256': '495912c6991f346ecce15e0f20a6a9fec74ca9c075b7bc5159957efda835d1b5', 'size': 1455165}",
  "gen_eval/audio/eval_statin_baseline": "{'_type': 'audio-file', 'path': 'media/audio/gen_eval/audio/eval_statin_baseline_64_cc800e5165ce446cbd03.mp3', 'sha256': 'cc800e5165ce446cbd03184dd27ccaf664d51765de30f21604f4e1b09070f90e', 'size': 1479021}",
  "gen_eval/backchannel_rate_per_hour": 12,
  "gen_eval/coherence_mean": 1,
  "gen_eval/effectiveness_mean": 1,
  "gen_eval/grounding_n_claims": 0,
  "gen_eval/grounding_n_correct": 0,
  "gen_eval/grounding_n_fabricated": 0,
  "gen_eval/grounding_n_garbled": 0,
  "gen_eval/injection_usage_pct": 0,
  "gen_eval/longest_silence_s": 7.36,
  "gen_eval/loudness_interturn_sd": 5.071253536079036,
  "gen_eval/n_dialogues_ok": 5,
  "gen_eval/naturalness_mean": 1,
  "gen_eval/pct_overlap": 2.479338842975207,
  "gen_eval/review_table_step_64": "{'_latest_artifact_path': 'wandb-client-artifact://03zhe6bfnnyc8a5kzl3v81iefv2l947jyhcgzlwc4xbh24ip1pp85bffbox9e9sfg3imb7ia1ev310t442ezrtt42qwigo9ld6yi5cxmsbqwns8p3s1fbfwtai0pg9tv:latest/gen_eval/review_table_step_64.table.json', '_type': 'table-file', 'artifact_path': 'wandb-client-artifact://bpboio4mzidumrq5e3hqclzfu3lffx0v3cl1ulr3g0zc3vm8kcs9ud0oznpbvgckczuxzbqaqp6z5t28wn4ypvpfh7ux0wqiy4a9gickaj5w65ue78qbfqh9sna27a6k/gen_eval/review_table_step_64.table.json', 'log_mode': 'IMMUTABLE', 'ncols': 13, 'nrows': 5, 'path': 'media/table/gen_eval/review_table_step_64_64_18c0f2016d42f7ab0493.table.json', 'sha256': '18c0f2016d42f7ab0493119e9b749fcd54baeace7af62b3b59c4fb83cc2e5e0f', 'size': 1514}",
  "gen_eval/silence_pct": 82.33777777777777,
  "gen_eval/speech_rate_wps": 3.9551533406383967,
  "gen_eval/turn_duration_median_s": 0.9500000000000028,
  "gen_eval/turn_gap_median_ms": 1800.0000000000075,
  "train/allocated_mem": 20.51871156692505,
  "train/audio_cb0_loss": 0.8398255904546883,
  "train/audio_cb10_loss": 1.5036315908669682,
  "train/audio_cb11_loss": 1.556198863030789,
  "train/audio_cb12_loss": 1.542623401057618,
  "train/audio_cb13_loss": 1.621794747846724,
  "train/audio_cb14_loss": 1.729823176814472,
  "train/audio_cb15_loss": 1.681190838551958,
  "train/audio_cb1_loss": 1.375559728628505,
  "train/audio_cb2_loss": 1.8109741673513424,
  "train/audio_cb3_loss": 1.8405007174630743,
  "train/audio_cb4_loss": 1.8502406926318296,
  "train/audio_cb5_loss": 1.9044542842770436,
  "train/audio_cb6_loss": 2.0173717799373767,
  "train/audio_cb7_loss": 2.0179073352280272,
  "train/audio_cb8_loss": 1.0469076920824736,
  "train/audio_cb9_loss": 1.2089139557122626,
  "train/audio_loss": 1.4184937477111816,
  "train/avg_wps": 12204.498697325633,
  "train/ctx_injected_pct": 2.5694444444444446,
  "train/ctx_samples": 10,
  "train/eta_in_seconds": 25624.321633835632,
  "train/inj_drop_anchor": 0,
  "train/inj_drop_final": 0,
  "train/inj_drop_space": 0,
  "train/inj_in_window": 22,
  "train/inj_place_rate": 100,
  "train/inj_placed": 22,
  "train/inj_token_yield": 100,
  "train/inj_total": 44,
  "train/inj_truncated": 0,
  "train/lora_l2_loss": 0.00023555755615234375,
  "train/loss": 1.2703819274902344,
  "train/lr": 9.9484411257776e-06,
  "train/pad_token_loss": 0.2291918620467186,
  "train/peak_allocated_mem": 39.43436670303345,
  "train/percent_done": 14.117647058823527,
  "train/pred_pad_pct": 72.47777777777777,
  "train/prob_real_tokens": 0.8825604575163398,
  "train/real_token_loss": 0.647163987159729,
  "train/real_token_pct": 16.381589425067688,
  "train/text_loss": 0.5608994960784912,
  "train/wps": 12331.082285420454
}