{
  "_runtime": 7198.266092565,
  "_step": 79,
  "_timestamp": 1775470861.39698,
  "_wandb.runtime": 7198,
  "eval/audio_eval_loss": 1.42407488822937,
  "eval/eval_loss": 2.7382233142852783,
  "eval/eval_pred_pad_pct": 70.66190476190476,
  "eval/eval_real_token_pct": 9.582468304181235,
  "eval/pad_token_eval_loss": 0.38051549025944303,
  "eval/perplexity": 6.672481060028076,
  "eval/real_token_eval_loss": 1.3141483409064156,
  "eval/text_eval_loss": 1.3141484260559082,
  "eval/train_loss": 2.0081381797790527,
  "gen_eval/audio/eval_casual_hangout": "{'_type': 'audio-file', 'path': 'media/audio/gen_eval/audio/eval_casual_hangout_64_61d0d005a8ae03f12672.wav', 'sha256': '61d0d005a8ae03f126727854d58e04b30113b0244b6d76d0e7f6715f5db58215', 'size': 11520044}",
  "gen_eval/audio/eval_creative_project": "{'_type': 'audio-file', 'path': 'media/audio/gen_eval/audio/eval_creative_project_64_a1f7f8733c07eaa6e1d4.wav', 'sha256': 'a1f7f8733c07eaa6e1d4af1d5d319d684b7b26e5fddb72772a8f970854e3cc3a', 'size': 11520044}",
  "gen_eval/audio/eval_life_decision": "{'_type': 'audio-file', 'path': 'media/audio/gen_eval/audio/eval_life_decision_64_30a47db8e7d616468a32.wav', 'sha256': '30a47db8e7d616468a324af33b483cedd63786cfd899031d1516b76e8be9dd56', 'size': 11520044}",
  "gen_eval/audio/eval_relationship_advice": "{'_type': 'audio-file', 'path': 'media/audio/gen_eval/audio/eval_relationship_advice_64_988ecc5232e171f53d31.wav', 'sha256': '988ecc5232e171f53d314ad760c37edd1cfa94f4931caf2403d5ab735e562f94', 'size': 11520044}",
  "gen_eval/audio/eval_venting_work": "{'_type': 'audio-file', 'path': 'media/audio/gen_eval/audio/eval_venting_work_64_005f6ef172e91962865b.wav', 'sha256': '005f6ef172e91962865b94be8e79bdab2a286b7624e44c040e8721511ae36813', 'size': 11520044}",
  "gen_eval/backchannel_rate_per_hour": 306,
  "gen_eval/coherence_mean": 2,
  "gen_eval/effectiveness_mean": 2.4,
  "gen_eval/grounding_correct_pct": 16.666666666666664,
  "gen_eval/grounding_mean": 1.6666666666666663,
  "gen_eval/grounding_n_claims": 4,
  "gen_eval/grounding_n_correct": 1,
  "gen_eval/grounding_n_fabricated": 1,
  "gen_eval/grounding_n_garbled": 2,
  "gen_eval/longest_silence_s": 2.08,
  "gen_eval/loudness_interturn_sd": 4.5425853818503725,
  "gen_eval/n_dialogues_ok": 5,
  "gen_eval/naturalness_mean": 2.6,
  "gen_eval/pct_overlap": 23.03370786516854,
  "gen_eval/review_table_step_16": "{'_latest_artifact_path': 'wandb-client-artifact://qcpl07uvwlsgergpiiufqqnhh45on21o8e1apg73ub2n441niue8cwdjpzcajs6gyr2lvi6omqmlqvm9uh7gx1vt0ekt1voz9wwmuxt3tb2cguvqbi5ar3yt0zwhe2in:latest/gen_eval/review_table_step_16.table.json', '_type': 'table-file', 'artifact_path': 'wandb-client-artifact://28qu15pn7wjstj81m4dxtlyaaipo8xijkmoqpighl39j1pr710bl75mhqa9kaqo86igjkevqwm3bz38xynwxtmqp9il6s35cfa6ons3hw136czdnlgpjxwipijiv3slo/gen_eval/review_table_step_16.table.json', 'log_mode': 'IMMUTABLE', 'ncols': 13, 'nrows': 5, 'path': 'media/table/gen_eval/review_table_step_16_16_823b39eebcf85a540853.table.json', 'sha256': '823b39eebcf85a540853cd43897a1bf2b112fe1a33296e5afb02714449c1bfe7', 'size': 1661}",
  "gen_eval/review_table_step_32": "{'_latest_artifact_path': 'wandb-client-artifact://q5gwshtd9vx9jj0j74jatspsrqwgj5hy2x7taqfu5ygb3bdhil0et92yaxvqc14lsjadphhcjqjhl7x0qnrpjah5dp1y0vncbu2ts0kqpqo6s9kz5syfoeavgyhw6fuo:latest/gen_eval/review_table_step_32.table.json', '_type': 'table-file', 'artifact_path': 'wandb-client-artifact://2l9u3dy2eh8tiiv1b08urvjsvwb4te9mtnub085nu78w8u44zkguofb8wcekp2uhjypktyykgfubjin54uflzskjpl7mpnfoxehh7jmqh0mv23xn2xhxhtmb36elyvjz/gen_eval/review_table_step_32.table.json', 'log_mode': 'IMMUTABLE', 'ncols': 13, 'nrows': 5, 'path': 'media/table/gen_eval/review_table_step_32_32_23578bb858cf46242977.table.json', 'sha256': '23578bb858cf462429774f7421758a777ff5d39e5559e608bc397657d2ca9b44', 'size': 1509}",
  "gen_eval/review_table_step_48": "{'_latest_artifact_path': 'wandb-client-artifact://7ymw3x7gbzz5gyl7jokzdq9nhg2ce773w2w01bjv6vs6gci3vqdcvjokik2dq0vfelkzqv75mhgv5k12v8ovpi2sj3uo4n2uwmi7s0w2utjelvd7j0qdocc4uzv0rlmx:latest/gen_eval/review_table_step_48.table.json', '_type': 'table-file', 'artifact_path': 'wandb-client-artifact://zqz2b06mjj258adgcd5znajw0h8i3pufk4g27q52d94jwtiwimsapjf9ht9nbacjo8gnsdkw1rqfn60099xqwes79n9wc604sa0blzx5e2tyvnhfmp0epqgeao5x6jhg/gen_eval/review_table_step_48.table.json', 'log_mode': 'IMMUTABLE', 'ncols': 13, 'nrows': 5, 'path': 'media/table/gen_eval/review_table_step_48_48_f89d3143217ceccae00d.table.json', 'sha256': 'f89d3143217ceccae00d7745df96fbbbb9a47eaa3c2986919c272baf2eea0b1a', 'size': 1690}",
  "gen_eval/review_table_step_64": "{'_latest_artifact_path': 'wandb-client-artifact://q71ze185hnxtw8618y7ssziij23pygappw7m2iwkzz3hoxe21ycokxv3gdpn7x1p2j31t2axb31q2hg73dmj0xzohx6c8dnyfldk2bv4xt73ggtg9awzyb8vbge9hluu:latest/gen_eval/review_table_step_64.table.json', '_type': 'table-file', 'artifact_path': 'wandb-client-artifact://442wanvoacwntpxre4r8ymqbrkw2jtf9l9ejwmvnxiww30ewpewaof875rb2kye63hpgtoqx87iwgajjpsukfsnihvc5axg7pmd7lqouaym14ihq0hxbwy3tnpc9yene/gen_eval/review_table_step_64.table.json', 'log_mode': 'IMMUTABLE', 'ncols': 13, 'nrows': 5, 'path': 'media/table/gen_eval/review_table_step_64_64_ae5deb496c98d6fa676d.table.json', 'sha256': 'ae5deb496c98d6fa676d4f0626aa839cb152f237cb310202f6d255e5085b6ce4', 'size': 1491}",
  "gen_eval/silence_pct": 52.36,
  "gen_eval/speech_rate_wps": 4.377797612126582,
  "gen_eval/turn_duration_median_s": 1.3699999999999992,
  "gen_eval/turn_gap_median_ms": 509.999999999998,
  "train/allocated_mem": 25.007922649383545,
  "train/audio_cb0_loss": 0.7337269708212145,
  "train/audio_cb10_loss": 1.9076294058325616,
  "train/audio_cb11_loss": 1.9531473873605785,
  "train/audio_cb12_loss": 1.9323245588656703,
  "train/audio_cb13_loss": 2.0141138531609575,
  "train/audio_cb14_loss": 2.110237085592735,
  "train/audio_cb15_loss": 2.0490538068156767,
  "train/audio_cb1_loss": 1.14099025839836,
  "train/audio_cb2_loss": 1.4002160035874884,
  "train/audio_cb3_loss": 1.4623496258210995,
  "train/audio_cb4_loss": 1.4666624647312965,
  "train/audio_cb5_loss": 1.4992341800577524,
  "train/audio_cb6_loss": 1.600520971101706,
  "train/audio_cb7_loss": 1.5965074339813958,
  "train/audio_cb8_loss": 1.2935912160673364,
  "train/audio_cb9_loss": 1.537266344839748,
  "train/audio_loss": 1.444461703300476,
  "train/avg_wps": 10718.096528491003,
  "train/ctx_injected_pct": 0,
  "train/ctx_samples": 0,
  "train/eta_in_seconds": 10106.645308898977,
  "train/lora_l2_loss": 0.00030517578125,
  "train/loss": 2.018049955368042,
  "train/lr": 1.7464214605034891e-06,
  "train/pad_token_loss": 0.37107664346694946,
  "train/peak_allocated_mem": 62.32710075378418,
  "train/percent_done": 30.859375,
  "train/pred_pad_pct": 70.22777777777777,
  "train/prob_real_tokens": 0.8300424836601307,
  "train/real_token_loss": 1.2955138683319092,
  "train/real_token_pct": 9.456912797670036,
  "train/text_loss": 1.2955138683319092,
  "train/wps": 11985.80812254566
}