{
  "_runtime": 4702.313684132,
  "_step": 49,
  "_timestamp": 1775479293.3623102,
  "_wandb.runtime": 4702,
  "eval/audio_eval_loss": 1.4119943380355835,
  "eval/eval_loss": 2.646687269210815,
  "eval/eval_pred_pad_pct": 67.60238095238095,
  "eval/eval_real_token_pct": 9.582468304181235,
  "eval/pad_token_eval_loss": 0.7812551430293492,
  "eval/perplexity": 6.262276649475098,
  "eval/real_token_eval_loss": 1.2346930503845217,
  "eval/text_eval_loss": 1.2346930503845217,
  "eval/train_loss": 1.869255781173706,
  "gen_eval/audio/eval_casual_hangout": "{'_type': 'audio-file', 'path': 'media/audio/gen_eval/audio/eval_casual_hangout_48_fa228abb1df0ffe5e066.wav', 'sha256': 'fa228abb1df0ffe5e066ecafb3566ba88bece0925a5f6b6951badca21e8982f4', 'size': 11520044}",
  "gen_eval/audio/eval_creative_project": "{'_type': 'audio-file', 'path': 'media/audio/gen_eval/audio/eval_creative_project_48_696e73e26633345797e5.wav', 'sha256': '696e73e26633345797e546b7aedbaf7d003c5c8d28a83a9a0d8758d9899f98ac', 'size': 11520044}",
  "gen_eval/audio/eval_life_decision": "{'_type': 'audio-file', 'path': 'media/audio/gen_eval/audio/eval_life_decision_48_bd06d62e7e583220e7a6.wav', 'sha256': 'bd06d62e7e583220e7a6a5e20bbf807846628e432f2cc357b241a0c2061f9b12', 'size': 11520044}",
  "gen_eval/audio/eval_relationship_advice": "{'_type': 'audio-file', 'path': 'media/audio/gen_eval/audio/eval_relationship_advice_48_a6ea7b2c1f04df175a8e.wav', 'sha256': 'a6ea7b2c1f04df175a8e46b054be4a2ea3a86963065cf4952943c084b5af00e0', 'size': 11520044}",
  "gen_eval/audio/eval_venting_work": "{'_type': 'audio-file', 'path': 'media/audio/gen_eval/audio/eval_venting_work_48_65f166137d8d2ffaf2f8.wav', 'sha256': '65f166137d8d2ffaf2f89460949778ce885cbccab91b95178e470aacfda3b801', 'size': 11520044}",
  "gen_eval/backchannel_rate_per_hour": 60,
  "gen_eval/coherence_mean": 1,
  "gen_eval/effectiveness_mean": 1,
  "gen_eval/grounding_correct_pct": 0,
  "gen_eval/grounding_mean": 1,
  "gen_eval/grounding_n_claims": 3,
  "gen_eval/grounding_n_correct": 0,
  "gen_eval/grounding_n_fabricated": 0,
  "gen_eval/grounding_n_garbled": 3,
  "gen_eval/longest_silence_s": 1.84,
  "gen_eval/loudness_interturn_sd": 4.0276042834238295,
  "gen_eval/n_dialogues_ok": 5,
  "gen_eval/naturalness_mean": 1,
  "gen_eval/pct_overlap": 16.901408450704224,
  "gen_eval/review_table_step_16": "{'_latest_artifact_path': 'wandb-client-artifact://3ag9jdctydw3vn7rzcz0qe6wyrzepd65a55pgxeil76rzh0wutcvy3220tpmwpzpvyuxneknvqj1sshjmmblqg8nt0njxo7w917a09zpp6sab5zuuriwb7ubs3nkltr5:latest/gen_eval/review_table_step_16.table.json', '_type': 'table-file', 'artifact_path': 'wandb-client-artifact://iflklkrvqyiba91qq0hy3uydks5lelimcq0xplk8kwek60o8oolo6purrls7fgwjbh5ea14xl7pz6hle2eug5avusmk5byz14szvkwofxnm0laufyku35yryvud28aop/gen_eval/review_table_step_16.table.json', 'log_mode': 'IMMUTABLE', 'ncols': 13, 'nrows': 5, 'path': 'media/table/gen_eval/review_table_step_16_16_f989ee2c1422235f066f.table.json', 'sha256': 'f989ee2c1422235f066fe7b61ca3612699c73d7f11d87c74f77ed0493bd1a7a1', 'size': 1562}",
  "gen_eval/review_table_step_32": "{'_latest_artifact_path': 'wandb-client-artifact://f33majazy0ehr0pdep1frlf9wq53w2zunyfa42y6xjz2htry6i4hej1nty4rqzncxwaseeu5dxh9v4r1cka3hw8zjmpxfpg2od92ww1p87a3annpamhc9gmw230wlp7j:latest/gen_eval/review_table_step_32.table.json', '_type': 'table-file', 'artifact_path': 'wandb-client-artifact://40rrt1jjcdgl3eqztheyhbtqjmdtu3wrc51o81fcaf7hnqntm14qpp7s33pnq7l9anjpk5qdugnwftn8t2uobchiwvwppbosgmuhyrl89ou5boeobpzzttw0e07xov5y/gen_eval/review_table_step_32.table.json', 'log_mode': 'IMMUTABLE', 'ncols': 13, 'nrows': 5, 'path': 'media/table/gen_eval/review_table_step_32_32_acfeb8fed7f1723d42a9.table.json', 'sha256': 'acfeb8fed7f1723d42a9907dac98de6686c895e8b2b3079e4a70318645bdd1d5', 'size': 1559}",
  "gen_eval/review_table_step_48": "{'_latest_artifact_path': 'wandb-client-artifact://wdj0v9nf498vrx5h9204l964quu6jv453kkeb7vms4btpovitlrdh68dcrw8ze5aqaql3wx6amy77ybbj88adoc356d9a6272wosn63s1bxmrlz1z5cnsockfghf6fsc:latest/gen_eval/review_table_step_48.table.json', '_type': 'table-file', 'artifact_path': 'wandb-client-artifact://d3pdgp5cf5kvfsa1ynd1x8gqtdevs7l44ojhboyx7kbgerrexe3zvy0ner1abvo6bvi938cndeondoz75rvx72vpsdlhtikbbzbhcf75ibp80xz3zg84ijekfh0vqtkx/gen_eval/review_table_step_48.table.json', 'log_mode': 'IMMUTABLE', 'ncols': 13, 'nrows': 5, 'path': 'media/table/gen_eval/review_table_step_48_48_cae9ab2cb842ee4ca46a.table.json', 'sha256': 'cae9ab2cb842ee4ca46ab120f3be1a7b7cad916500fa7a50144395ad6cd4e620', 'size': 1445}",
  "gen_eval/silence_pct": 24.066666666666663,
  "gen_eval/speech_rate_wps": 4.155348013562821,
  "gen_eval/turn_duration_median_s": 1.7899999999999991,
  "gen_eval/turn_gap_median_ms": 570.0000000000002,
  "train/allocated_mem": 22.695178508758545,
  "train/audio_cb0_loss": 0.7461066193905057,
  "train/audio_cb10_loss": 1.8310906758713672,
  "train/audio_cb11_loss": 1.878560605587736,
  "train/audio_cb12_loss": 1.8759009771671824,
  "train/audio_cb13_loss": 1.9205181701288323,
  "train/audio_cb14_loss": 2.033183228989813,
  "train/audio_cb15_loss": 1.9790615949265955,
  "train/audio_cb1_loss": 1.254273350893838,
  "train/audio_cb2_loss": 1.565895195620693,
  "train/audio_cb3_loss": 1.6059805846150006,
  "train/audio_cb4_loss": 1.5837497191151504,
  "train/audio_cb5_loss": 1.6406355331818636,
  "train/audio_cb6_loss": 1.742879178942375,
  "train/audio_cb7_loss": 1.742968515929292,
  "train/audio_cb8_loss": 1.248208424848999,
  "train/audio_cb9_loss": 1.4646576637870767,
  "train/audio_loss": 1.4588782787322998,
  "train/avg_wps": 10973.937778398884,
  "train/ctx_injected_pct": 0,
  "train/ctx_samples": 0,
  "train/eta_in_seconds": 11544.078575820338,
  "train/lora_l2_loss": 0.004425048828125,
  "train/loss": 2.001009464263916,
  "train/lr": 9.747641912401572e-06,
  "train/pad_token_loss": 0.8620897531509399,
  "train/peak_allocated_mem": 59.83632850646973,
  "train/percent_done": 19.140625,
  "train/pred_pad_pct": 66.52222222222223,
  "train/prob_real_tokens": 0.7566225490196078,
  "train/real_token_loss": 1.2671451568603516,
  "train/real_token_pct": 10.094461291784308,
  "train/text_loss": 1.2671451568603516,
  "train/wps": 12393.143568623747
}