{
  "_runtime": 9902.572918842,
  "_step": 129,
  "_timestamp": 1775346720.4164882,
  "_wandb.runtime": 9902,
  "eval/audio_eval_loss": 1.4320831298828125,
  "eval/eval_loss": 2.2331249713897705,
  "eval/eval_pred_pad_pct": 68.14814814814815,
  "eval/eval_real_token_pct": 16.32273520079013,
  "eval/pad_token_eval_loss": 0.5585359036922455,
  "eval/perplexity": 4.701512336730957,
  "eval/real_token_eval_loss": 0.8010418017705282,
  "eval/text_eval_loss": 0.8010417819023132,
  "eval/train_loss": 1.5328848361968994,
  "gen_eval/audio/eval_glp1_checkin": "{'_type': 'audio-file', 'path': 'media/audio/gen_eval/audio/eval_glp1_checkin_128_6735ac774b59b22e7258.mp3', 'sha256': '6735ac774b59b22e725853a60f4b6508e8e1031ed30f06b09a1c3495a3a44e17', 'size': 1900869}",
  "gen_eval/audio/eval_ssri_dropoff": "{'_type': 'audio-file', 'path': 'media/audio/gen_eval/audio/eval_ssri_dropoff_128_5e2d44ad21782c3a9d3b.mp3', 'sha256': '5e2d44ad21782c3a9d3b692497671ded9c37dab36cdbdcee12ae22ee88e9e9b7', 'size': 1770645}",
  "gen_eval/audio/eval_statin_baseline": "{'_type': 'audio-file', 'path': 'media/audio/gen_eval/audio/eval_statin_baseline_128_5db2f959b2f07dd1816c.mp3', 'sha256': '5db2f959b2f07dd1816c93067824d5536728e76e9909a7a9de4df732f31c39b4', 'size': 1822029}",
  "gen_eval/backchannel_rate_per_hour": 100,
  "gen_eval/coherence_mean": 1.3333333333333333,
  "gen_eval/effectiveness_mean": 1.6666666666666667,
  "gen_eval/grounding_correct_pct": 66.66666666666666,
  "gen_eval/grounding_mean": 3.6666666666666665,
  "gen_eval/grounding_n_claims": 9,
  "gen_eval/grounding_n_correct": 6,
  "gen_eval/grounding_n_fabricated": 0,
  "gen_eval/grounding_n_garbled": 3,
  "gen_eval/injection_accuracy_pct": 33.33333333333333,
  "gen_eval/injection_usage_pct": 37.5,
  "gen_eval/longest_silence_s": 3.84,
  "gen_eval/loudness_interturn_sd": 3.417565305192061,
  "gen_eval/n_dialogues_ok": 3,
  "gen_eval/naturalness_mean": 1.3333333333333333,
  "gen_eval/pct_overlap": 4.201680672268908,
  "gen_eval/review_table_step_0": "{'_latest_artifact_path': 'wandb-client-artifact://sfajsijykm4e4apnrbn19h694zcyz5iley5tc0b95feeorkk69py38stpr3x39ryeaz38fkv97cf02ygmcgjyx8zy9lb913mmp70kukl4fb6gzrky9dd37lp37iuwpzs:latest/gen_eval/review_table_step_0.table.json', '_type': 'table-file', 'artifact_path': 'wandb-client-artifact://r7gw6mf60jhrek4mk794udzh0ztx9idij1fo2gmjw0s304ckweyim99subfl1tns701iy2ty4m9enx5dbcjaxrgcpa0l2qvs26s1f2ni9hgwo3qv7voi1lp0u2v0ebsj/gen_eval/review_table_step_0.table.json', 'log_mode': 'IMMUTABLE', 'ncols': 13, 'nrows': 3, 'path': 'media/table/gen_eval/review_table_step_0_0_33eeb6c17146713c2a08.table.json', 'sha256': '33eeb6c17146713c2a08d1db98ae731778671e01509c7f5a2b2c9d32df1cc2ed', 'size': 1005}",
  "gen_eval/review_table_step_128": "{'_latest_artifact_path': 'wandb-client-artifact://7yg5vsny0du5q0hkd07slmhfjxn4kit00bpiy6jrdu3uvnugatbnr82rd66n9n64swz9vju613497od1h4efgvt7fvzxhid836r5e9axm063g364aj8c4hx2zl0kivs3:latest/gen_eval/review_table_step_128.table.json', '_type': 'table-file', 'artifact_path': 'wandb-client-artifact://5a34b2ugfzz87qlr50x5z0yanm3xgq7a78a7fogzu0dnvcv9zjbbfdsmiirm3ap40c3ztlldquzeeteiyqk1op8dkxq6rww2gyinvj2i97kmqeqqu9v6mgl56zpo3xm1/gen_eval/review_table_step_128.table.json', 'log_mode': 'IMMUTABLE', 'ncols': 13, 'nrows': 3, 'path': 'media/table/gen_eval/review_table_step_128_128_274a50fc05f01f80c3a2.table.json', 'sha256': '274a50fc05f01f80c3a2f02238cfd5c1f23268af1add35e0beace87fd8de4abb', 'size': 1123}",
  "gen_eval/review_table_step_32": "{'_latest_artifact_path': 'wandb-client-artifact://wyfkslf40v71cemomm51tqv3fqe9is5nz085wf2c9r8pjj89n9ebkswmwd4zknrwptghimau1z6zycd2vrvsqzyzz3tmxw6obmejx5erq411yvay7dpj265qu6zwrmpb:latest/gen_eval/review_table_step_32.table.json', '_type': 'table-file', 'artifact_path': 'wandb-client-artifact://1wpwp1qthm6pyj0djq6ypv0j1q2yn24n2zkca0irxnsdvebx3lhvxxv80aclrkx878ak9cq099fyuavrmrh1g4vbqfdtl6kl7ddkd6u3y0w0sy1d45yyag76apne64fu/gen_eval/review_table_step_32.table.json', 'log_mode': 'IMMUTABLE', 'ncols': 13, 'nrows': 3, 'path': 'media/table/gen_eval/review_table_step_32_32_4429215df11ec5ea01a3.table.json', 'sha256': '4429215df11ec5ea01a3d3571556b7eb387c95787f922a35298d902330ffccc5', 'size': 1077}",
  "gen_eval/review_table_step_64": "{'_latest_artifact_path': 'wandb-client-artifact://sv9md3cr81a4m75duqo4seq40cwtk8fyxut1d0mxa0em5as4xliav7o4daby0i3hjbubhupd5amdvr527g6xihggmmgewyn897wqpy002sv641dr6mw1hkzew59r37w4:latest/gen_eval/review_table_step_64.table.json', '_type': 'table-file', 'artifact_path': 'wandb-client-artifact://iy1rdx60fif7seh3t1g0v6dhkjsr0sdvivzswsx2nwied0gx3d83sltgp0tta15s7p8jtg6t79zfh95q07zr3po6m49uo9ozifx6ua5sjl6bb01wtqav2m6id7sxmows/gen_eval/review_table_step_64.table.json', 'log_mode': 'IMMUTABLE', 'ncols': 13, 'nrows': 3, 'path': 'media/table/gen_eval/review_table_step_64_64_c54d7051a0cedfd05043.table.json', 'sha256': 'c54d7051a0cedfd0504319971ff226d710a1f49c266e0d9ccf693a6bd7184f74', 'size': 1155}",
  "gen_eval/review_table_step_96": "{'_latest_artifact_path': 'wandb-client-artifact://5465acjz7ld4dv9ylbmd066r3idm1hvpeq29ycx2deb8ak3q2h65qnn69gsw97ke1ojj5rqxucw4s6x6qu7mmhlt9ckz10pygd0lmf601vzkgdott8wi481ir44tr365:latest/gen_eval/review_table_step_96.table.json', '_type': 'table-file', 'artifact_path': 'wandb-client-artifact://6uae16w5vrlt8yk13zm2y38rmoj1qb02kmc2xv23e6kavcjzdkkuvazbdxjim3sgn0jisbg2mmwosdexmcdv82w3w21djrhx93gto2oiobrvenirc5fwvyey78bzxvgs/gen_eval/review_table_step_96.table.json', 'log_mode': 'IMMUTABLE', 'ncols': 13, 'nrows': 3, 'path': 'media/table/gen_eval/review_table_step_96_96_06ddfa91153b395a9f41.table.json', 'sha256': '06ddfa91153b395a9f415525592c7dee34fbf0047282fec0f8caa48f1e16fcfe', 'size': 984}",
  "gen_eval/silence_pct": 46.45925925925926,
  "gen_eval/speech_rate_wps": 3.9586151976295114,
  "gen_eval/turn_duration_median_s": 1.485000000000003,
  "gen_eval/turn_gap_median_ms": 500,
  "train/allocated_mem": 22.69523811340332,
  "train/audio_cb0_loss": 0.9422975339995596,
  "train/audio_cb10_loss": 1.3960407702633126,
  "train/audio_cb11_loss": 1.4720564929482935,
  "train/audio_cb12_loss": 1.4456926094991174,
  "train/audio_cb13_loss": 1.5039055317280818,
  "train/audio_cb14_loss": 1.635887565736246,
  "train/audio_cb15_loss": 1.584223990511915,
  "train/audio_cb1_loss": 1.4716898704839183,
  "train/audio_cb2_loss": 1.9442305221030989,
  "train/audio_cb3_loss": 1.9563482729659272,
  "train/audio_cb4_loss": 1.9804409260721103,
  "train/audio_cb5_loss": 2.0330215523571744,
  "train/audio_cb6_loss": 2.148170734505801,
  "train/audio_cb7_loss": 2.154597775003672,
  "train/audio_cb8_loss": 1.0238440808945182,
  "train/audio_cb9_loss": 1.150336036334216,
  "train/audio_loss": 1.4428558349609375,
  "train/avg_wps": 12002.23929893048,
  "train/ctx_injected_pct": 2.397222222222222,
  "train/ctx_samples": 11,
  "train/eta_in_seconds": 6475.79156390641,
  "train/inj_drop_anchor": 0,
  "train/inj_drop_final": 0,
  "train/inj_drop_space": 0,
  "train/inj_in_window": 19,
  "train/inj_place_rate": 100,
  "train/inj_placed": 19,
  "train/inj_token_yield": 100,
  "train/inj_total": 48,
  "train/inj_truncated": 0,
  "train/loss": 1.500199794769287,
  "train/lr": 1.0697029225390434e-06,
  "train/pad_token_loss": 0.5026611685752869,
  "train/peak_allocated_mem": 59.66851234436035,
  "train/percent_done": 50.390625,
  "train/pred_pad_pct": 68.04722222222222,
  "train/prob_real_tokens": 0.8647549019607843,
  "train/real_token_loss": 0.7787718176841736,
  "train/real_token_pct": 16.434575733544804,
  "train/text_loss": 0.7787718176841736,
  "train/wps": 12279.053753331344
}