{
  "_runtime": 70887.570758166,
  "_step": 795,
  "_timestamp": 1775579710.9140406,
  "_wandb.runtime": 70887,
  "eval/audio_eval_loss": 1.2888798713684082,
  "eval/eval_loss": 1.563487887382507,
  "eval/eval_pred_pad_pct": 72.11931818181819,
  "eval/eval_real_token_pct": 18.497118546902815,
  "eval/pad_token_eval_loss": 0.13901132209734482,
  "eval/perplexity": 2.9556756019592285,
  "eval/real_token_eval_loss": 0.5731824230064045,
  "eval/text_eval_loss": 0.27460798621177673,
  "eval/train_loss": 1.4930872917175293,
  "gen_eval/audio/eval_ace_inhibitor_lapse": "{'_type': 'audio-file', 'path': 'media/audio/gen_eval/audio/eval_ace_inhibitor_lapse_768_4775562be2af726c3311.mp3', 'sha256': '4775562be2af726c3311b22df5de092c8e544051298bec60a35b12f8dd95443c', 'size': 2955261}",
  "gen_eval/audio/eval_anticoagulant_routine": "{'_type': 'audio-file', 'path': 'media/audio/gen_eval/audio/eval_anticoagulant_routine_768_71374993aa5cb4da0c8b.mp3', 'sha256': '71374993aa5cb4da0c8b1ff956f2db9a5550775393069c430a101abd798dfb40', 'size': 3304245}",
  "gen_eval/audio/eval_glp1_checkin": "{'_type': 'audio-file', 'path': 'media/audio/gen_eval/audio/eval_glp1_checkin_768_4c6119b9944f494e37ae.mp3', 'sha256': '4c6119b9944f494e37ae50bf48d241e7f7b0ff1b9d9fc3983ef04325cf00aec9', 'size': 3023925}",
  "gen_eval/audio/eval_ssri_dropoff": "{'_type': 'audio-file', 'path': 'media/audio/gen_eval/audio/eval_ssri_dropoff_768_0eb1a25a894be5c4c056.mp3', 'sha256': '0eb1a25a894be5c4c05600cec3d93bd95f02f8fbaf97aa34193e42c79c4b77e7', 'size': 3358821}",
  "gen_eval/audio/eval_statin_baseline": "{'_type': 'audio-file', 'path': 'media/audio/gen_eval/audio/eval_statin_baseline_768_f6244bfaef947b24a2f8.mp3', 'sha256': 'f6244bfaef947b24a2f84f13427ec563b992e533e182d93605c8d1b1a724f74e', 'size': 2923269}",
  "gen_eval/backchannel_rate_per_hour": 129.6,
  "gen_eval/coherence_mean": 1.4,
  "gen_eval/effectiveness_mean": 1.8,
  "gen_eval/grounding_correct_pct": 87.5,
  "gen_eval/grounding_mean": 4.5,
  "gen_eval/grounding_n_claims": 12,
  "gen_eval/grounding_n_correct": 10,
  "gen_eval/grounding_n_fabricated": 1,
  "gen_eval/grounding_n_garbled": 1,
  "gen_eval/injection_accuracy_pct": 100,
  "gen_eval/injection_usage_pct": 36.11111111111111,
  "gen_eval/longest_silence_s": 2.88,
  "gen_eval/loudness_interturn_sd": 4.93830754217163,
  "gen_eval/n_dialogues_ok": 5,
  "gen_eval/naturalness_mean": 1.6,
  "gen_eval/pct_overlap": 21.71717171717172,
  "gen_eval/review_table_step_128": "{'_latest_artifact_path': 'wandb-client-artifact://zznnpjqwpfd8zckk4p7bh1ipuv3id7kutvxrzk85wlmjxo1ikrc9rbevyytxazj4hqj0fof9joqg2boqjj869ek2l3x42tuhs7srts6wseo6hbb3vaxd2t3a0ndez5tg:latest/gen_eval/review_table_step_128.table.json', '_type': 'table-file', 'artifact_path': 'wandb-client-artifact://qjw5z6bwwlk15ulyynkihe483l6ne8dnfjtm99a4z67do8mkx2vii2xc5xs83c7pf9dv73sb5i5ul6zkwvyddsni9xxyrrnuq1d460deqougyeyak22bypk2qaykj32y/gen_eval/review_table_step_128.table.json', 'log_mode': 'IMMUTABLE', 'ncols': 13, 'nrows': 5, 'path': 'media/table/gen_eval/review_table_step_128_128_b6f6e46ad10577f01f34.table.json', 'sha256': 'b6f6e46ad10577f01f3493847ea1e8653d720fa10ad0a883ea97565403b6ca69', 'size': 1719}",
  "gen_eval/review_table_step_192": "{'_latest_artifact_path': 'wandb-client-artifact://n4zkz4dm1woatg98zbs4dlb1ydr3hpk7j0tehmf4kigkyu8kcmbzze6bi6zy9nxrsengsz7r7dgit5g8nv89lu6nvbqzan9k0huwc8lrjpd7zatrlp8imxjaxheuucvh:latest/gen_eval/review_table_step_192.table.json', '_type': 'table-file', 'artifact_path': 'wandb-client-artifact://rrw8bfu3kl17uhzevlcx7jfhmwzrx0cxvums9h8yniq36f324jhm2m36dimfwlj99wetx8k4dkt25tr9k7r3lp3yftsog9093gx6w28lmp6zo0qry4z361h1o8wr56q3/gen_eval/review_table_step_192.table.json', 'log_mode': 'IMMUTABLE', 'ncols': 13, 'nrows': 5, 'path': 'media/table/gen_eval/review_table_step_192_192_6da5a8b2a095abc30e23.table.json', 'sha256': '6da5a8b2a095abc30e23fed88185f68248242a34a29a809e4c3c64aeb012c60b', 'size': 1729}",
  "gen_eval/review_table_step_256": "{'_latest_artifact_path': 'wandb-client-artifact://npgw0z6uygiuvstqx3hn2gwlj29ot6csoqr564iioxyxjkbgayp415fq83y8sdy05ywb7ykuv9jucyuwkek2tmxrb4v2k35md066otxuwvv1ydcot7epqstmuosjmm3i:latest/gen_eval/review_table_step_256.table.json', '_type': 'table-file', 'artifact_path': 'wandb-client-artifact://6d89f6nmckvisrf5d3xhnv3hing764zywg7y0jrir8w9c48tj18c3pq8birwm7b583xy9bjwzz99uvvmj3d84myggwg94n4r27yykhs74k7vyrdj2se1ax9r4huztxjq/gen_eval/review_table_step_256.table.json', 'log_mode': 'IMMUTABLE', 'ncols': 13, 'nrows': 5, 'path': 'media/table/gen_eval/review_table_step_256_256_66453bf03bbb3105fc81.table.json', 'sha256': '66453bf03bbb3105fc8160047634938663cc27b03c61518051315b9d6500ee68', 'size': 1684}",
  "gen_eval/review_table_step_320": "{'_latest_artifact_path': 'wandb-client-artifact://1jdmkc86spxf5m62sj5civuiu89rzwcc08hi5c6u90jutw0ns7f6mp9vxpy4j294u23agd1ty9uvztfl65zfr5e1jtt27ge00nt828ogxhw17z9ojeprblqzhj0p3251:latest/gen_eval/review_table_step_320.table.json', '_type': 'table-file', 'artifact_path': 'wandb-client-artifact://26qy5ghads6u69euhgodj488gygselmtymqhdpoje6jzcts2mml7r9r791vdkbkm3hwmciv5lbahteij8whz04iy8d7hbnws1psbvorhkpdx68vcockbdwdl742lcf12/gen_eval/review_table_step_320.table.json', 'log_mode': 'IMMUTABLE', 'ncols': 13, 'nrows': 5, 'path': 'media/table/gen_eval/review_table_step_320_320_96fbf67b8a696f644347.table.json', 'sha256': '96fbf67b8a696f644347255f87449b00c3bba853b8e4a2657a9c82c4c58b4b2d', 'size': 1658}",
  "gen_eval/review_table_step_384": "{'_latest_artifact_path': 'wandb-client-artifact://ebi5eqh4sro4s53i0mzmmheymk2lt2lgo73cdmotkz32t5sdxemwkr2lwznjdeviwg195wavfhy9a2psziv5ptafb30yqo05s60u25b3oxk2fi6jgjctgbty4dk6mcda:latest/gen_eval/review_table_step_384.table.json', '_type': 'table-file', 'artifact_path': 'wandb-client-artifact://8qhr8fdqhe6b7312p1aevi2v80l34bas4f23y37ydlbowxsjhoei94kybmmr96wi291lthvzty5ot0xlek2purk67v8y0ow2yiyw7u5wya7v50mu66pr9uy3o5kbk02n/gen_eval/review_table_step_384.table.json', 'log_mode': 'IMMUTABLE', 'ncols': 13, 'nrows': 5, 'path': 'media/table/gen_eval/review_table_step_384_384_7f2fc3defe82d6006cd5.table.json', 'sha256': '7f2fc3defe82d6006cd57beebb9890b8aa1874ddb804902f78ce02a391aaf60a', 'size': 1699}",
  "gen_eval/review_table_step_448": "{'_latest_artifact_path': 'wandb-client-artifact://ntmjq6p9ufvo8ts1j2kfebxb4o86hnj02wk8c0up2y88yxgfhu9uy5q8a1r65ziiwc0v6q331hxt8f1ja37gzf7nffv661orb04izzndmfnowhm761grqk9vgpkn3qo3:latest/gen_eval/review_table_step_448.table.json', '_type': 'table-file', 'artifact_path': 'wandb-client-artifact://77qh9j7bp2zvzrhes08qhxuzzl0p010ub9cm4qy6wkt9agrvbplh3d3vuhrczecdj3n8jag41wor58lcxhbwa291dappzfs7ijomlvvyndgbitvamv1988sfa8ud9kgt/gen_eval/review_table_step_448.table.json', 'log_mode': 'IMMUTABLE', 'ncols': 13, 'nrows': 5, 'path': 'media/table/gen_eval/review_table_step_448_448_da7af73ec70af0cb8099.table.json', 'sha256': 'da7af73ec70af0cb8099cabb8b24330393d851767f75fa54c1a8bfa07667c075', 'size': 1650}",
  "gen_eval/review_table_step_512": "{'_latest_artifact_path': 'wandb-client-artifact://e9cg92dkwhv96yxfh7on40xbengexh95qbs0y87s5suhs1zz0prehbc5z7o7lwvbqoeyngczzlddgut4jn6hcw96wondbf2le9g3bjkx7p2yi0upl7v3uyzsredrgun3:latest/gen_eval/review_table_step_512.table.json', '_type': 'table-file', 'artifact_path': 'wandb-client-artifact://8vbu0wdunyh8174edvi1iib96ro4rkqd0nm55787yzara5h1ajcao94ajt86yaumby90xsyxxhi5przrjvpl3r9jcoxtz8gful8ojfjon6xz34vkudvbc2utazw2c2uh/gen_eval/review_table_step_512.table.json', 'log_mode': 'IMMUTABLE', 'ncols': 13, 'nrows': 5, 'path': 'media/table/gen_eval/review_table_step_512_512_9f06dae4ad315b9c4f1f.table.json', 'sha256': '9f06dae4ad315b9c4f1f7266d319ee5d383ba11e17e830d0093c48cada28a14e', 'size': 1544}",