{
  "_runtime": 9312,
  "_step": 128,
  "_timestamp": 1775355232.4447289,
  "_wandb.runtime": 9312,
  "eval/audio_eval_loss": 1.4553085565567017,
  "eval/eval_loss": 3.006521701812744,
  "eval/eval_pred_pad_pct": 73.62619047619047,
  "eval/eval_real_token_pct": 9.582468304181235,
  "eval/pad_token_eval_loss": 0.2775849529675075,
  "eval/perplexity": 8.036246299743652,
  "eval/real_token_eval_loss": 1.551212923867362,
  "eval/text_eval_loss": 1.551213026046753,
  "eval/train_loss": 2.2713677883148193,
  "gen_eval/audio/eval_casual_hangout": "{'_type': 'audio-file', 'path': 'media/audio/gen_eval/audio/eval_casual_hangout_128_fd8ee300968488c2d041.wav', 'sha256': 'fd8ee300968488c2d04122ef771e840246344dc65358b837f6f5e8773d3da264', 'size': 11520044}",
  "gen_eval/audio/eval_creative_project": "{'_type': 'audio-file', 'path': 'media/audio/gen_eval/audio/eval_creative_project_128_4dd42be2f5a55ea0bfda.wav', 'sha256': '4dd42be2f5a55ea0bfda1273b4d511b148ef8149d6fff0c193c8b959f7b715b9', 'size': 11520044}",
  "gen_eval/audio/eval_life_decision": "{'_type': 'audio-file', 'path': 'media/audio/gen_eval/audio/eval_life_decision_128_e848747e289631d11b68.wav', 'sha256': 'e848747e289631d11b684c60c312abc63f00402ad3df5e374bc7044aa0c1fd55', 'size': 11520044}",
  "gen_eval/audio/eval_relationship_advice": "{'_type': 'audio-file', 'path': 'media/audio/gen_eval/audio/eval_relationship_advice_128_1e84e8ae56cc3a9b0d73.wav', 'sha256': '1e84e8ae56cc3a9b0d73f5d700d275c330eb4284bbe1f0b979c1b0bfcac6b662', 'size': 11520044}",
  "gen_eval/audio/eval_venting_work": "{'_type': 'audio-file', 'path': 'media/audio/gen_eval/audio/eval_venting_work_128_3d74edb86d07bcbb63e0.wav', 'sha256': '3d74edb86d07bcbb63e05e6d522441828eb056e08d5bd53b21e256531a0b65cc', 'size': 11520044}",
  "gen_eval/backchannel_rate_per_hour": 90,
  "gen_eval/coherence_mean": 2.4,
  "gen_eval/effectiveness_mean": 2.8,
  "gen_eval/grounding_correct_pct": 66.66666666666667,
  "gen_eval/grounding_mean": 3.6666666666666665,
  "gen_eval/grounding_n_claims": 0,
  "gen_eval/grounding_n_correct": 0,
  "gen_eval/grounding_n_fabricated": 0,
  "gen_eval/grounding_n_garbled": 0,
  "gen_eval/longest_silence_s": 2.08,
  "gen_eval/loudness_interturn_sd": 3.2861740983007506,
  "gen_eval/n_dialogues_ok": 5,
  "gen_eval/naturalness_mean": 2.4,
  "gen_eval/pct_overlap": 9.883720930232558,
  "gen_eval/review_table_step_128": "{'_latest_artifact_path': 'wandb-client-artifact://vvivkg2wmixjjloefw9fnnuia2413j1p5bdnkzj2utimvmlvl4r327qmf026oor7250g19dgt8yfsjr5g9xtc63m98ptogownt6jstxlklw82g75617a6d2levpt6l1l:latest/gen_eval/review_table_step_128.table.json', '_type': 'table-file', 'artifact_path': 'wandb-client-artifact://n5m6bkxgw3yaahq7cajh4ma6j8c4un6px9ql50mj9vxmi1oldv2kkmhgejoiwc3cynul5o3sn51gsy1voilaulvtehz06d46eoplf8brd8zh8vrx5hyss36wp0qstb8u/gen_eval/review_table_step_128.table.json', 'log_mode': 'IMMUTABLE', 'ncols': 13, 'nrows': 5, 'path': 'media/table/gen_eval/review_table_step_128_128_add3305150ea12fde6e3.table.json', 'sha256': 'add3305150ea12fde6e36f89e02f3a8792642e955989c98ac3bbc64d9d7a0653', 'size': 1467}",
  "gen_eval/review_table_step_32": "{'_latest_artifact_path': 'wandb-client-artifact://8odqfsx515ctzjs82og5rq3lvi7pm77kyny5aqdn6vcywaf2mr17hrsh6d8hhc164dk6fjj0eez4whscmypkoa80xlj46ak8eqc0g8j0j8058wio74pjryu9dmaq90u1:latest/gen_eval/review_table_step_32.table.json', '_type': 'table-file', 'artifact_path': 'wandb-client-artifact://jrijr5t8j2w5pe2n3o0nkflc5l320idmca096txtnyqj2najbiczvgsgryhcv6jaq6b3r4fcyo27ooadq4q8hxw7izul0wensa7iu8xgzdel187vexctt6az84ystea9/gen_eval/review_table_step_32.table.json', 'log_mode': 'IMMUTABLE', 'ncols': 13, 'nrows': 5, 'path': 'media/table/gen_eval/review_table_step_32_32_64046384ff29e753e0b0.table.json', 'sha256': '64046384ff29e753e0b093b5519838422469da43e30b54f909019acbdd5eb94c', 'size': 1682}",
  "gen_eval/review_table_step_64": "{'_latest_artifact_path': 'wandb-client-artifact://3vujbv07obnq4tgxwjw3o3syyfbkrmv8xm0j2i72skg91sbbx3oknkmkalah2xvqry9gaam04woo01q2rflfci9v8fohs8dnz44zq5zfklg6vf8ymz5sqs9bv80tnjrq:latest/gen_eval/review_table_step_64.table.json', '_type': 'table-file', 'artifact_path': 'wandb-client-artifact://vmlonqzw135dj8khjlak0vg7sbc664h78r10v01qzdnxrg69z3uzmnkrtjq83qk3ls8israxobqm06ig09gy3dwpexsm998266jo5u1x8g684h2f8id504ro73v5u19w/gen_eval/review_table_step_64.table.json', 'log_mode': 'IMMUTABLE', 'ncols': 13, 'nrows': 5, 'path': 'media/table/gen_eval/review_table_step_64_64_efc53e80e1114c4f9fef.table.json', 'sha256': 'efc53e80e1114c4f9fefaf2eee9162f0dd02dff68f6e37d52eada70bc2fea747', 'size': 1642}",
  "gen_eval/review_table_step_96": "{'_latest_artifact_path': 'wandb-client-artifact://9t3ngjwis9fs4piz5rlnbi32phdwfjezklptaafjmdtq3wapscs20b67x6g8dk4wxigdytdwgtpkxypb8fk82b1geqcfwt4e7jfesx5ibkaqpnmp4t2c4f60lwfxd5e4:latest/gen_eval/review_table_step_96.table.json', '_type': 'table-file', 'artifact_path': 'wandb-client-artifact://ss5fpo7n119l7oiw3ywtljdvkf39xoj5bqnuitvzwspfj9ivnks3agc6ilnjlv3r2zj2wgtcp0lmdcrtdhhdefwn6wyewszoe4wq5n9pq0aod6wjzdrnjt585x2exr53/gen_eval/review_table_step_96.table.json', 'log_mode': 'IMMUTABLE', 'ncols': 13, 'nrows': 5, 'path': 'media/table/gen_eval/review_table_step_96_96_1d60fab23d7c2b44135a.table.json', 'sha256': '1d60fab23d7c2b44135a12faa80ec99a0911fabeccb842bb60913a684e5894e2', 'size': 1613}",
  "gen_eval/silence_pct": 64.10666666666667,
  "gen_eval/speech_rate_wps": 4.077369971057034,
  "gen_eval/turn_duration_median_s": 1.7250000000000014,
  "gen_eval/turn_gap_median_ms": 575.0000000000038,
  "train/allocated_mem": 21.538806438446045,
  "train/audio_cb0_loss": 0.8409498173024251,
  "train/audio_cb10_loss": 1.5847753541407223,
  "train/audio_cb11_loss": 1.6558849626400995,
  "train/audio_cb12_loss": 1.5928315691158157,
  "train/audio_cb13_loss": 1.672771053860523,
  "train/audio_cb14_loss": 1.8170466220423411,
  "train/audio_cb15_loss": 1.702343166251557,
  "train/audio_cb1_loss": 1.3932570244396014,
  "train/audio_cb2_loss": 1.6986227428393523,
  "train/audio_cb3_loss": 1.801815652241594,
  "train/audio_cb4_loss": 1.7771279576587795,
  "train/audio_cb5_loss": 1.8144168353051056,
  "train/audio_cb6_loss": 1.921299813200498,
  "train/audio_cb7_loss": 1.9051560554171856,
  "train/audio_cb8_loss": 1.108713129793088,
  "train/audio_cb9_loss": 1.2795911815068493,
  "train/audio_loss": 1.4279321432113647,
  "train/avg_wps": 11756.96007080634,
  "train/ctx_injected_pct": 0,
  "train/ctx_samples": 0,
  "train/eta_in_seconds": 0,
  "train/lora_l2_loss": 4.4405460357666016e-06,
  "train/loss": 2.2713677883148193,
  "train/lr": 4e-12,
  "train/pad_token_loss": 0.3099476397037506,
  "train/peak_allocated_mem": 58.5909423828125,
  "train/percent_done": 100,
  "train/pred_pad_pct": 72.39444444444445,
  "train/prob_real_tokens": 0.7592303921568627,
  "train/real_token_loss": 1.5573971271514893,
  "train/real_token_pct": 10.815627141877998,
  "train/text_loss": 1.5573971271514893,
  "train/wps": 4054.9309544324633
}