{
  "_runtime": 11342.474501187,
  "_step": 96,
  "_timestamp": 1775358186.2601583,
  "_wandb.runtime": 11342,
  "eval/audio_eval_loss": 1.4434630870819092,
  "eval/eval_loss": 2.2155871391296387,
  "eval/eval_pred_pad_pct": 77.57685352622062,
  "eval/eval_real_token_pct": 14.470284237726098,
  "eval/pad_token_eval_loss": 0.2535236669438226,
  "eval/perplexity": 4.644705295562744,
  "eval/real_token_eval_loss": 0.8052367993763515,
  "eval/text_eval_loss": 0.7721239328384399,
  "eval/train_loss": 0.9527073502540588,
  "gen_eval/audio/eval_glp1_checkin": "{'_type': 'audio-file', 'path': 'media/audio/gen_eval/audio/eval_glp1_checkin_96_3b6e5ab08d739f5babf8.mp3', 'sha256': '3b6e5ab08d739f5babf8335f8450d341bb5d3cb2651a037f7d10602f716bc936', 'size': 1696917}",
  "gen_eval/audio/eval_ssri_dropoff": "{'_type': 'audio-file', 'path': 'media/audio/gen_eval/audio/eval_ssri_dropoff_96_a8bbadff5c813c4ea59d.mp3', 'sha256': 'a8bbadff5c813c4ea59d3bc695fb7cf128ef7f611ba5bca47d44c6372c804061', 'size': 1794789}",
  "gen_eval/audio/eval_statin_baseline": "{'_type': 'audio-file', 'path': 'media/audio/gen_eval/audio/eval_statin_baseline_96_ee1618d682e564e9f19f.mp3', 'sha256': 'ee1618d682e564e9f19fa4a509cff38121c7f6bd29e11bcf550966604ae6135e', 'size': 1918557}",
  "gen_eval/backchannel_rate_per_hour": 73.33333333333333,
  "gen_eval/coherence_mean": 1.3333333333333333,
  "gen_eval/effectiveness_mean": 1.3333333333333333,
  "gen_eval/grounding_correct_pct": 44.44444444444443,
  "gen_eval/grounding_mean": 2.7777777777777772,
  "gen_eval/grounding_n_claims": 7,
  "gen_eval/grounding_n_correct": 4,
  "gen_eval/grounding_n_fabricated": 0,
  "gen_eval/grounding_n_garbled": 3,
  "gen_eval/injection_accuracy_pct": 50,
  "gen_eval/injection_usage_pct": 62.5,
  "gen_eval/longest_silence_s": 6.88,
  "gen_eval/loudness_interturn_sd": 3.385430918118281,
  "gen_eval/n_dialogues_ok": 3,
  "gen_eval/naturalness_mean": 1.3333333333333333,
  "gen_eval/pct_overlap": 6.666666666666667,
  "gen_eval/review_table_step_0": "{'_latest_artifact_path': 'wandb-client-artifact://vpzr105gryb2qeldm5smgyfmk1gw4kev59c1lsnmmuqonrg3xhpytxsu20o0h3ck596g7mqb7vxne6zvd60hrewzcfan6wsrpxid3nz3nmb8km2v43hpsck51pkn1g9d:latest/gen_eval/review_table_step_0.table.json', '_type': 'table-file', 'artifact_path': 'wandb-client-artifact://o3pilmkgbvqpnkr2aikrqii6imddabm72lelti7zxzrq37cw3lim5nsu7amgzhe5ufvknfsbhk8fvzbvoc5bhhgirw99uihm1r01xuk2hwuoeyrgumh5cq4bio4h65na/gen_eval/review_table_step_0.table.json', 'log_mode': 'IMMUTABLE', 'ncols': 13, 'nrows': 3, 'path': 'media/table/gen_eval/review_table_step_0_0_085b382c13ee4d55625b.table.json', 'sha256': '085b382c13ee4d55625bd900830dfd0a0f34e17cc1b00a79d89a1be7d17a5258', 'size': 1135}",
  "gen_eval/review_table_step_32": "{'_latest_artifact_path': 'wandb-client-artifact://6g92vjfryjwtdm8qm4sgsmjwpbhzqam3v6427ejg7jxt09vz1nht02u4fdheg4xtf5cx4iizgfwgzd7o659qx3dk7juz5z7vux25q6luypzsfp1gbpebt98qve28mjid:latest/gen_eval/review_table_step_32.table.json', '_type': 'table-file', 'artifact_path': 'wandb-client-artifact://zu4muez8bcf4izf4i04uqymik8i8lozzobdfqvb4bcyk2djofgza3b002izhk326p1vtzf1bzriauyqkqdnvw9bmrqgnplf7t4awmp40rhu6fykcrlkn13rsmlxf38d6/gen_eval/review_table_step_32.table.json', 'log_mode': 'IMMUTABLE', 'ncols': 13, 'nrows': 3, 'path': 'media/table/gen_eval/review_table_step_32_32_ee24870c10b8c217886f.table.json', 'sha256': 'ee24870c10b8c217886faf597bf81dbd12464b9293773000473b71cc78d82b90', 'size': 1005}",
  "gen_eval/review_table_step_64": "{'_latest_artifact_path': 'wandb-client-artifact://xk2hes0tkr0xxelrmq5ro6u9zdanjzzczmrcane81g6i7ixiqco8cqb213b9ok7o08q5iqzmen4v9pud375zve9blywplvsb0w39e7viyg2bo0yzcj7ywahaskepywcp:latest/gen_eval/review_table_step_64.table.json', '_type': 'table-file', 'artifact_path': 'wandb-client-artifact://mh91qpcdvb3f79qow6smlrv453fj556kjgp2bt8jq8fp8ptjb4ga9n98w4r0020m7jp8k7wmxso7eb7zf4mwg9j40rgaibvs8tjuxilj3dlt8x5otle8ezcqro7tpzvn/gen_eval/review_table_step_64.table.json', 'log_mode': 'IMMUTABLE', 'ncols': 13, 'nrows': 3, 'path': 'media/table/gen_eval/review_table_step_64_64_371b12a372fcdff1f9cf.table.json', 'sha256': '371b12a372fcdff1f9cf588aa8f35e0fb9b04b043a57a01303ca2560606e3a18', 'size': 995}",
  "gen_eval/review_table_step_96": "{'_latest_artifact_path': 'wandb-client-artifact://i7ejt4bxudbimlrxxls65eeyqoiyo4yabkqax545ey5v00t1zpth8ajugi6k8kwbulcxa2yfyq5476pkyfhl5qf5du00eqm83t6e8ut0fgqbve3toz7dz52mhsbsk7u8:latest/gen_eval/review_table_step_96.table.json', '_type': 'table-file', 'artifact_path': 'wandb-client-artifact://a0pj89i192kxlfxk26dr9e341u9eob2mkb4mn2z2hbjhqfw29bs2aki5gw0bv3iqzyljr99z06tn5so04sif46kmpqp90ahp6lq08mewk6lshm0f51uq816fti40z0c8/gen_eval/review_table_step_96.table.json', 'log_mode': 'IMMUTABLE', 'ncols': 13, 'nrows': 3, 'path': 'media/table/gen_eval/review_table_step_96_96_a167a9827e6df6246196.table.json', 'sha256': 'a167a9827e6df624619657450f48c1f89da3728119aefbefca53abfbbcb6208e', 'size': 1064}",
  "gen_eval/silence_pct": 54.05925925925926,
  "gen_eval/speech_rate_wps": 3.827565199438483,
  "gen_eval/turn_duration_median_s": 1.8600000000000136,
  "gen_eval/turn_gap_median_ms": 729.9999999999968,
  "train/allocated_mem": 20.252683639526367,
  "train/audio_cb0_loss": 1.0088609584947097,
  "train/audio_cb10_loss": 1.4651015879889913,
  "train/audio_cb11_loss": 1.538832139449707,
  "train/audio_cb12_loss": 1.5186906002882612,
  "train/audio_cb13_loss": 1.5894147033988726,
  "train/audio_cb14_loss": 1.7550052976170245,
  "train/audio_cb15_loss": 1.6544299964920868,
  "train/audio_cb1_loss": 1.5546128834628392,
  "train/audio_cb2_loss": 2.0839782835343716,
  "train/audio_cb3_loss": 2.057371647068472,
  "train/audio_cb4_loss": 2.1031662185205575,
  "train/audio_cb5_loss": 2.141302538740742,
  "train/audio_cb6_loss": 2.2636484428112156,
  "train/audio_cb7_loss": 2.2923317764314124,
  "train/audio_cb8_loss": 1.078069632647657,
  "train/audio_cb9_loss": 1.1898464320315831,
  "train/audio_loss": 1.5252281427383425,
  "train/avg_wps": 11838.762005388138,
  "train/ctx_injected_pct": 1.639240506329114,
  "train/ctx_samples": 9,
  "train/eta_in_seconds": 14520.43718099594,
  "train/inj_drop_anchor": 0,
  "train/inj_drop_final": 0,
  "train/inj_drop_space": 0,
  "train/inj_in_window": 24,
  "train/inj_place_rate": 100,
  "train/inj_placed": 24,
  "train/inj_token_yield": 100,
  "train/inj_total": 39,
  "train/inj_truncated": 0,
  "train/loss": 0.9527073502540588,
  "train/lr": 1.4759494892475015e-06,
  "train/pad_token_loss": 0.2246635966002941,
  "train/peak_allocated_mem": 39.06306743621826,
  "train/percent_done": 37.5,
  "train/pred_pad_pct": 84.5126582278481,
  "train/prob_real_tokens": 0.5928629932985853,
  "train/real_token_loss": 0.8450471460819244,
  "train/real_token_pct": 12.317729753981904,
  "train/text_loss": 0.8001845180988312,
  "train/wps": 7912.47807825295
}