{
  "_runtime": 11331.066400573,
  "_step": 64,
  "_timestamp": 1775527791.7975087,
  "_wandb.runtime": 11331,
  "eval/audio_eval_loss": 1.411732196807861,
  "eval/eval_loss": 2.03991436958313,
  "eval/eval_pred_pad_pct": 60.395833333333336,
  "eval/eval_real_token_pct": 18.98867090356452,
  "eval/pad_token_eval_loss": 0.2798415670792262,
  "eval/perplexity": 4.112211227416992,
  "eval/real_token_eval_loss": 0.6337632536888123,
  "eval/text_eval_loss": 0.6281824111938477,
  "eval/train_loss": 2.052704334259033,
  "gen_eval/audio/eval_ace_inhibitor_lapse": "{'_type': 'audio-file', 'path': 'media/audio/gen_eval/audio/eval_ace_inhibitor_lapse_64_bad036f567b00d71d9de.mp3', 'sha256': 'bad036f567b00d71d9de171c3f69b8cafee0ee296a416ab2e44c1f87ec7eb7d3', 'size': 1553901}",
  "gen_eval/audio/eval_anticoagulant_routine": "{'_type': 'audio-file', 'path': 'media/audio/gen_eval/audio/eval_anticoagulant_routine_64_cfe973fffed73eaf7c86.mp3', 'sha256': 'cfe973fffed73eaf7c864ffea8663b26ac19ef2228ed60077efc8992edb4934f', 'size': 1481685}",
  "gen_eval/audio/eval_glp1_checkin": "{'_type': 'audio-file', 'path': 'media/audio/gen_eval/audio/eval_glp1_checkin_64_66434fe821c3dad617a6.mp3', 'sha256': '66434fe821c3dad617a6d39a1ee7347b40a45a6a9ed74f098519f143694fbcba', 'size': 1543413}",
  "gen_eval/audio/eval_ssri_dropoff": "{'_type': 'audio-file', 'path': 'media/audio/gen_eval/audio/eval_ssri_dropoff_64_848929bc1215c87038f6.mp3', 'sha256': '848929bc1215c87038f6b51d073bd50f4d4dd21c50b3631b05c4c807fa6efae3', 'size': 1505253}",
  "gen_eval/audio/eval_statin_baseline": "{'_type': 'audio-file', 'path': 'media/audio/gen_eval/audio/eval_statin_baseline_64_87e6a0fdf13326d5d34b.mp3', 'sha256': '87e6a0fdf13326d5d34b88b7e504397721e944080eddfa51a05c6688838e8dd5', 'size': 1544133}",
  "gen_eval/backchannel_rate_per_hour": 72,
  "gen_eval/coherence_mean": 2.4,
  "gen_eval/effectiveness_mean": 2.6,
  "gen_eval/grounding_correct_pct": 46,
  "gen_eval/grounding_mean": 2.84,
  "gen_eval/grounding_n_claims": 13,
  "gen_eval/grounding_n_correct": 8,
  "gen_eval/grounding_n_fabricated": 3,
  "gen_eval/grounding_n_garbled": 2,
  "gen_eval/injection_accuracy_pct": 58.33333333333333,
  "gen_eval/injection_usage_pct": 47.22222222222222,
  "gen_eval/longest_silence_s": 5.04,
  "gen_eval/loudness_interturn_sd": 3.794564974067746,
  "gen_eval/n_dialogues_ok": 5,
  "gen_eval/naturalness_mean": 2.4,
  "gen_eval/pct_overlap": 8.148148148148149,
  "gen_eval/review_table_step_64": "{'_latest_artifact_path': 'wandb-client-artifact://5ytdlbb6lbb1i1kmdd4e27jm1m85y7gc0porcuwcnt6ri40mibfrvqrobinctnae2b7oc022ug31cqv6u78l8jtz7da4c24s958zhtt2bzr121om41sfu39cqtcp8mxg:latest/gen_eval/review_table_step_64.table.json', '_type': 'table-file', 'artifact_path': 'wandb-client-artifact://3zl9pzjb4tvpqvz0jj5ewm1qlspp2jmphxs3rifbsl0doyop5cb9juyl1zl1mfdt525cfd8vvibd4jvsmpdprudpy8fpg55dq9h5vz5vdpn1dr9qfwt6guvci1eq96dt/gen_eval/review_table_step_64.table.json', 'log_mode': 'IMMUTABLE', 'ncols': 13, 'nrows': 5, 'path': 'media/table/gen_eval/review_table_step_64_64_0bb2560bcb88d2f9bc10.table.json', 'sha256': '0bb2560bcb88d2f9bc107912b2f4b17e4fc8d669c8517f1476d0985d9e72a118', 'size': 1651}",
  "gen_eval/silence_pct": 63.63733333333333,
  "gen_eval/speech_rate_wps": 4.1644972700547696,
  "gen_eval/turn_duration_median_s": 1.974999999999998,
  "gen_eval/turn_gap_median_ms": 1169.9999999999875,
  "train/allocated_mem": 8.381261825561523,
  "train/audio_cb0_loss": 0.9053415825471238,
  "train/audio_cb10_loss": 1.4782122882992026,
  "train/audio_cb11_loss": 1.510456181721084,
  "train/audio_cb12_loss": 1.5092987338813153,
  "train/audio_cb13_loss": 1.579061314872682,
  "train/audio_cb14_loss": 1.6943419566277589,
  "train/audio_cb15_loss": 1.6415162962036447,
  "train/audio_cb1_loss": 1.4585480021332922,
  "train/audio_cb2_loss": 1.894679886117275,
  "train/audio_cb3_loss": 1.9034079629561016,
  "train/audio_cb4_loss": 1.9067355245366835,
  "train/audio_cb5_loss": 1.9629512370656916,
  "train/audio_cb6_loss": 2.062541684839055,
  "train/audio_cb7_loss": 2.0676486657242505,
  "train/audio_cb8_loss": 1.0665711369866386,
  "train/audio_cb9_loss": 1.219380621383798,
  "train/audio_loss": 1.4441957076390584,
  "train/avg_wps": 5110.947648854702,
  "train/ctx_injected_pct": 2.2125,
  "train/ctx_samples": 23,
  "train/eta_in_seconds": 153270.988830328,
  "train/inj_drop_anchor": 0,
  "train/inj_drop_final": 0,
  "train/inj_drop_space": 0,
  "train/inj_in_window": 25,
  "train/inj_place_rate": 100,
  "train/inj_placed": 25,
  "train/inj_token_yield": 100,
  "train/inj_total": 136,
  "train/inj_truncated": 0,
  "train/lora_l2_loss": 0.0001850128173828125,
  "train/loss": 2.052704334259033,
  "train/lr": 1.9991457618042675e-05,
  "train/pad_token_loss": 0.2548013776540756,
  "train/peak_allocated_mem": 17.425355911254883,
  "train/percent_done": 6.25,
  "train/pred_pad_pct": 59.375,
  "train/prob_real_tokens": 0.9335122549019608,
  "train/real_token_loss": 0.6852514743804932,
  "train/real_token_pct": 18.39745201575727,
  "train/text_loss": 0.6182597875595093,
  "train/wps": 4341.655372519407
}