{
  "_runtime": 7000.871760354,
  "_step": 79,
  "_timestamp": 1775442315.1071637,
  "_wandb.runtime": 7000,
  "eval/audio_eval_loss": 1.437395691871643,
  "eval/eval_loss": 2.84122371673584,
  "eval/eval_pred_pad_pct": 71.91190476190476,
  "eval/eval_real_token_pct": 9.582468304181235,
  "eval/pad_token_eval_loss": 0.30933892726898193,
  "eval/perplexity": 7.166276454925537,
  "eval/real_token_eval_loss": 1.4038278034755165,
  "eval/text_eval_loss": 1.4038279056549072,
  "eval/train_loss": 2.111954689025879,
  "gen_eval/audio/eval_casual_hangout": "{'_type': 'audio-file', 'path': 'media/audio/gen_eval/audio/eval_casual_hangout_64_8623554579192e130dcb.wav', 'sha256': '8623554579192e130dcbda7c59fae1612d4a037368bab1b156b937c85ca16fb5', 'size': 11520044}",
  "gen_eval/audio/eval_creative_project": "{'_type': 'audio-file', 'path': 'media/audio/gen_eval/audio/eval_creative_project_64_3dd5bed939a61bf87086.wav', 'sha256': '3dd5bed939a61bf870861711cde329a73426e19870efe5cd47d540b5dc867288', 'size': 11520044}",
  "gen_eval/audio/eval_life_decision": "{'_type': 'audio-file', 'path': 'media/audio/gen_eval/audio/eval_life_decision_64_5ff99ff8ef925362749f.wav', 'sha256': '5ff99ff8ef925362749f4ccc1f00e956c55f3a0f3bf6ccae9657c481ef429a22', 'size': 11520044}",
  "gen_eval/audio/eval_relationship_advice": "{'_type': 'audio-file', 'path': 'media/audio/gen_eval/audio/eval_relationship_advice_64_d403b66464603ae8e31b.wav', 'sha256': 'd403b66464603ae8e31b715a029956f88c7b6ca353a55c58fbcdf340df3f0c3f', 'size': 11520044}",
  "gen_eval/audio/eval_venting_work": "{'_type': 'audio-file', 'path': 'media/audio/gen_eval/audio/eval_venting_work_64_92286085259a44e12b2a.wav', 'sha256': '92286085259a44e12b2a13a4c231a3a00396b8b816480ee7d21db10d0cb563d3', 'size': 11520044}",
  "gen_eval/backchannel_rate_per_hour": 192,
  "gen_eval/coherence_mean": 2.6,
  "gen_eval/effectiveness_mean": 3.2,
  "gen_eval/grounding_correct_pct": 75,
  "gen_eval/grounding_mean": 4,
  "gen_eval/grounding_n_claims": 3,
  "gen_eval/grounding_n_correct": 2,
  "gen_eval/grounding_n_fabricated": 0,
  "gen_eval/grounding_n_garbled": 1,
  "gen_eval/longest_silence_s": 2,
  "gen_eval/loudness_interturn_sd": 3.8935552378514657,
  "gen_eval/n_dialogues_ok": 5,
  "gen_eval/naturalness_mean": 3.4,
  "gen_eval/pct_overlap": 26.4,
  "gen_eval/review_table_step_16": "{'_latest_artifact_path': 'wandb-client-artifact://2gqwkk9uwrwgzxupf2noa5819k7od9mjrx21k872w6fp39qm6g2hzq9mp08rrpktxj3myf1uz0g3raccs6vx88g13t8d5mredf9xzk2lx7eyk0omaen75wzwum50aa7d:latest/gen_eval/review_table_step_16.table.json', '_type': 'table-file', 'artifact_path': 'wandb-client-artifact://hxvwnv0l6s8xvv62u2wuwkeo2ive9w9iuk0937s53aadrq6nkfglnjbvmg288dadce61haj2lm1n9pt67o3h6ezja8ekn8wjtcz2ul06klia52i4xbuiptsnlrbbkgts/gen_eval/review_table_step_16.table.json', 'log_mode': 'IMMUTABLE', 'ncols': 13, 'nrows': 5, 'path': 'media/table/gen_eval/review_table_step_16_16_1a7ed153dd47b0a74582.table.json', 'sha256': '1a7ed153dd47b0a74582a7cfc4989ef8c768509b23daccb99d28f0f0551534b7', 'size': 1592}",
  "gen_eval/review_table_step_32": "{'_latest_artifact_path': 'wandb-client-artifact://8y95woly8fuzvdy1vfdg01ro194gd2iv52daiiigfa70vn9wwn88c6gjxobfnuu8po0rl0p28cpzbhn8qtcrg06j5z3opa7rkodp12z5zcif38k18w5waqczxhw0kod1:latest/gen_eval/review_table_step_32.table.json', '_type': 'table-file', 'artifact_path': 'wandb-client-artifact://zen9326jeudbjqwtberzggajpsz07w6gbagtxx7l13j65riicoqc3dqbyctvyq18oh1g0v6bko8n1g4d0xi29fivrvey30mj2lyvnvuz5f8cbqa0tposfer7ombphq1z/gen_eval/review_table_step_32.table.json', 'log_mode': 'IMMUTABLE', 'ncols': 13, 'nrows': 5, 'path': 'media/table/gen_eval/review_table_step_32_32_40ee5682c999837d932e.table.json', 'sha256': '40ee5682c999837d932e6fd43b80b8305c175e2df4d7e7e8d81e852981a7f0a2', 'size': 1512}",
  "gen_eval/review_table_step_48": "{'_latest_artifact_path': 'wandb-client-artifact://tm41q5zc91ni5du92awfboin4f5phucs4ji48luu6xlglokainceyiohiy01phoqkumfi1h3w4vbaz9yigxt3skyx0gdrkq9iliwyzcf3uoobxpbeqvu8f2leelek4tx:latest/gen_eval/review_table_step_48.table.json', '_type': 'table-file', 'artifact_path': 'wandb-client-artifact://ydbyut3h4j8zihq51dwz9c6uamx47aqyklef8ylu8ducspbobausanpp520x70hq14jojmwnk6son30g975rm9ga31ydow78fvl2enyy2jr46hf68cyfuelpzej9k5pw/gen_eval/review_table_step_48.table.json', 'log_mode': 'IMMUTABLE', 'ncols': 13, 'nrows': 5, 'path': 'media/table/gen_eval/review_table_step_48_48_f41a8cb82a3991a33ac9.table.json', 'sha256': 'f41a8cb82a3991a33ac96ac5b717b4ae10d04b5cfa708123b7fdbc058e1a4b13', 'size': 1645}",
  "gen_eval/review_table_step_64": "{'_latest_artifact_path': 'wandb-client-artifact://0vc8e7xap7aa58m0clxjq0p53jo57a28yp2o55jxkj86lu2zjh5j1667y46v9hj9ap8gbm10fnpp3yh2jppgd4tv0uybs2sj4insrtmn320bi0w9l7vfb29z54v5xi0g:latest/gen_eval/review_table_step_64.table.json', '_type': 'table-file', 'artifact_path': 'wandb-client-artifact://xddv7h3iwqa73csjvc21e3wzlmji38vzurcglx998aqmraxj9dvmgkal71wc02xiyhga0wo7r7l3wgio9u9z28mwh7ancbtze5b9nm47jun8t1hz449vrobqe1g5hdgc/gen_eval/review_table_step_64.table.json', 'log_mode': 'IMMUTABLE', 'ncols': 13, 'nrows': 5, 'path': 'media/table/gen_eval/review_table_step_64_64_5f31263d1e48d56b3927.table.json', 'sha256': '5f31263d1e48d56b3927989cf493288c47d56656939486d60bf608afc422b8dd', 'size': 1557}",
  "gen_eval/silence_pct": 58,
  "gen_eval/speech_rate_wps": 4.039241230432979,
  "gen_eval/turn_duration_median_s": 2.0949999999999953,
  "gen_eval/turn_gap_median_ms": 510.0000000000051,
  "train/allocated_mem": 22.695178508758545,
  "train/audio_cb0_loss": 0.7505525763484928,
  "train/audio_cb10_loss": 1.9166845765551297,
  "train/audio_cb11_loss": 1.962512536921924,
  "train/audio_cb12_loss": 1.9423702841885997,
  "train/audio_cb13_loss": 2.027387319247895,
  "train/audio_cb14_loss": 2.122892488317242,
  "train/audio_cb15_loss": 2.0576922282105543,
  "train/audio_cb1_loss": 1.1568155391703037,
  "train/audio_cb2_loss": 1.4086166884340696,
  "train/audio_cb3_loss": 1.4707900051800908,
  "train/audio_cb4_loss": 1.4766696149098444,
  "train/audio_cb5_loss": 1.5096262206277828,
  "train/audio_cb6_loss": 1.6099980574659436,
  "train/audio_cb7_loss": 1.6089944148701671,
  "train/audio_cb8_loss": 1.3124042889564604,
  "train/audio_cb9_loss": 1.548617769915796,
  "train/audio_loss": 1.4577337503433228,
  "train/avg_wps": 11197.089622231695,
  "train/ctx_injected_pct": 0,
  "train/ctx_samples": 0,
  "train/eta_in_seconds": 9674.299630943731,
  "train/lora_l2_loss": 0.000209808349609375,
  "train/loss": 2.105084180831909,
  "train/lr": 1.7464214605034891e-06,
  "train/pad_token_loss": 0.28790348768234253,
  "train/peak_allocated_mem": 59.83632850646973,
  "train/percent_done": 30.859375,
  "train/pred_pad_pct": 71.35277777777777,
  "train/prob_real_tokens": 0.8300424836601307,
  "train/real_token_loss": 1.3760075569152832,
  "train/real_token_pct": 9.456912797670036,
  "train/text_loss": 1.3760075569152832,
  "train/wps": 12380.572958243847
}