{
  "_runtime": 13414.805527055,
  "_step": 76,
  "_timestamp": 1775466594.1846938,
  "_wandb.runtime": 13414,
  "eval/audio_eval_loss": 1.41908061504364,
  "eval/eval_loss": 2.104939222335815,
  "eval/eval_pred_pad_pct": 71.38425925925925,
  "eval/eval_real_token_pct": 16.32273520079013,
  "eval/pad_token_eval_loss": 0.26122387250264484,
  "eval/perplexity": 4.3017964363098145,
  "eval/real_token_eval_loss": 0.7532641688982645,
  "eval/text_eval_loss": 0.6858586072921753,
  "eval/train_loss": 1.4072542190551758,
  "gen_eval/audio/eval_ace_inhibitor_lapse": "{'_type': 'audio-file', 'path': 'media/audio/gen_eval/audio/eval_ace_inhibitor_lapse_64_5f2089cd37e83238f2e5.mp3', 'sha256': '5f2089cd37e83238f2e54cf857d53dd27e10cf89845da0c60df918df5194645e', 'size': 1918149}",
  "gen_eval/audio/eval_anticoagulant_routine": "{'_type': 'audio-file', 'path': 'media/audio/gen_eval/audio/eval_anticoagulant_routine_64_0f38732d3f8379227de0.mp3', 'sha256': '0f38732d3f8379227de02d3a71dd591b58324d9e154f144c63c21d96cbe40e40', 'size': 1599069}",
  "gen_eval/audio/eval_glp1_checkin": "{'_type': 'audio-file', 'path': 'media/audio/gen_eval/audio/eval_glp1_checkin_64_a3376e021bf0bd9e1ef4.mp3', 'sha256': 'a3376e021bf0bd9e1ef457efe02ec8736fd222c45f978dd1f378d75e3e6dbbdc', 'size': 1617693}",
  "gen_eval/audio/eval_ssri_dropoff": "{'_type': 'audio-file', 'path': 'media/audio/gen_eval/audio/eval_ssri_dropoff_64_af7e38abd17ea6dd0ac6.mp3', 'sha256': 'af7e38abd17ea6dd0ac617aeaf5c87338259642dbfc7dc21cb1f93a2860c64c1', 'size': 1423245}",
  "gen_eval/audio/eval_statin_baseline": "{'_type': 'audio-file', 'path': 'media/audio/gen_eval/audio/eval_statin_baseline_64_a13375169b53cf3d6298.mp3', 'sha256': 'a13375169b53cf3d62985fe4dc6ae960da835669f3f07dbd4270c8af8ae762ff', 'size': 1821669}",
  "gen_eval/backchannel_rate_per_hour": 36,
  "gen_eval/coherence_mean": 1.2,
  "gen_eval/effectiveness_mean": 1.4,
  "gen_eval/grounding_correct_pct": 100,
  "gen_eval/grounding_mean": 5,
  "gen_eval/grounding_n_claims": 6,
  "gen_eval/grounding_n_correct": 6,
  "gen_eval/grounding_n_fabricated": 0,
  "gen_eval/grounding_n_garbled": 0,
  "gen_eval/injection_accuracy_pct": 100,
  "gen_eval/injection_usage_pct": 16.666666666666668,
  "gen_eval/longest_silence_s": 6,
  "gen_eval/loudness_interturn_sd": 4.334713776478322,
  "gen_eval/n_dialogues_ok": 5,
  "gen_eval/naturalness_mean": 1.2,
  "gen_eval/pct_overlap": 2.247191011235955,
  "gen_eval/review_table_step_32": "{'_latest_artifact_path': 'wandb-client-artifact://9mb8i9hmhdqex6qqcepkronxajxyype7p2o7157b6rgugn02bgzw99at8wcxe5ljir2pcp68xkl9goi1a94fofxj94hd6fjszxx7c9tdels2n4cb63gicsb3rmiqrgqi:latest/gen_eval/review_table_step_32.table.json', '_type': 'table-file', 'artifact_path': 'wandb-client-artifact://6piab6do82ibhjqi3mmwxw5qvdlm9ii15vzba6w0dpj00fyakhyu8ov1la0z87aczr6jsecdh2d1nbdikx4il69k4vhtqyo1pl4d3ea0gpfbc09aad1m219vm065ti3i/gen_eval/review_table_step_32.table.json', 'log_mode': 'IMMUTABLE', 'ncols': 13, 'nrows': 5, 'path': 'media/table/gen_eval/review_table_step_32_32_c4f5e31fa8a8d57ecc43.table.json', 'sha256': 'c4f5e31fa8a8d57ecc43a93ed0416a7582cede581a754ca3e1e7a7ec56172f90', 'size': 1663}",
  "gen_eval/review_table_step_64": "{'_latest_artifact_path': 'wandb-client-artifact://rldr4byu88ezqi5v7ufe22zpn7vplnm5z8hkdpjf89qha2qeq2rjhsfqr24iro1qn5ravaka9cd49q63hg4lkm6nsuab3hbj4nlsp9iqk3m6uar6shw3zm275t6hhymh:latest/gen_eval/review_table_step_64.table.json', '_type': 'table-file', 'artifact_path': 'wandb-client-artifact://ttgra6uqver4hcm7ja3tsx69ad6wqfaf67e37uvd1yeahz5pz29h3drddxrl1gsff5w1mm1gurohb2z02h50cvf5x4v4sl1l0ify91jbqj79yko22rmvjqzs085ncszz/gen_eval/review_table_step_64.table.json', 'log_mode': 'IMMUTABLE', 'ncols': 13, 'nrows': 5, 'path': 'media/table/gen_eval/review_table_step_64_64_82df290d42ad508a6ab1.table.json', 'sha256': '82df290d42ad508a6ab15164fc9a7b2354b5ce25c2b115f69a55ebddf28180ff', 'size': 1555}",
  "gen_eval/silence_pct": 56.83555555555556,
  "gen_eval/speech_rate_wps": 3.669633258671484,
  "gen_eval/turn_duration_median_s": 1.2099999999999795,
  "gen_eval/turn_gap_median_ms": 1890.0000000000005,
  "train/allocated_mem": 20.518706798553467,
  "train/audio_cb0_loss": 0.9221010537854124,
  "train/audio_cb10_loss": 1.4251177568206153,
  "train/audio_cb11_loss": 1.4772357010443962,
  "train/audio_cb12_loss": 1.4769652446741055,
  "train/audio_cb13_loss": 1.5327185137868014,
  "train/audio_cb14_loss": 1.6566563419270235,
  "train/audio_cb15_loss": 1.6060949985219526,
  "train/audio_cb1_loss": 1.4786275948837424,
  "train/audio_cb2_loss": 1.90296325074072,
  "train/audio_cb3_loss": 1.9148911610792172,
  "train/audio_cb4_loss": 1.9368966775299332,
  "train/audio_cb5_loss": 1.9910356924980217,
  "train/audio_cb6_loss": 2.107952394069637,
  "train/audio_cb7_loss": 2.12717210700675,
  "train/audio_cb8_loss": 1.031301409604653,
  "train/audio_cb9_loss": 1.162666632850514,
  "train/audio_loss": 1.4368131359418232,
  "train/avg_wps": 12258.396724869212,
  "train/ctx_injected_pct": 1.5796296296296295,
  "train/ctx_samples": 23,
  "train/eta_in_seconds": 18272.536370566017,
  "train/inj_drop_anchor": 0,
  "train/inj_drop_final": 0,
  "train/inj_drop_space": 0,
  "train/inj_in_window": 40,
  "train/inj_place_rate": 100,
  "train/inj_placed": 40,
  "train/inj_token_yield": 100,
  "train/inj_total": 105,
  "train/inj_truncated": 0,
  "train/lora_l2_loss": 0.00015354156494140625,
  "train/loss": 1.3799827098846436,
  "train/lr": 3.870092505316368e-06,
  "train/pad_token_loss": 0.23176887383063635,
  "train/peak_allocated_mem": 39.43436908721924,
  "train/percent_done": 38.38383838383838,
  "train/pred_pad_pct": 72.11666666666666,
  "train/prob_real_tokens": 0.778452614379085,
  "train/real_token_loss": 0.7349254886309305,
  "train/real_token_pct": 15.051114535628242,
  "train/text_loss": 0.661422461271286,
  "train/wps": 12377.573834378698
}