{
  "_runtime": 3667.707368271,
  "_step": 41,
  "_timestamp": 1775474585.7635105,
  "_wandb.runtime": 3667,
  "eval/audio_eval_loss": 1.4284380674362185,
  "eval/eval_loss": 2.7636806964874268,
  "eval/eval_pred_pad_pct": 70.96825396825396,
  "eval/eval_real_token_pct": 9.582468304181235,
  "eval/pad_token_eval_loss": 0.3575129083224705,
  "eval/perplexity": 6.791266918182373,
  "eval/real_token_eval_loss": 1.335242475782122,
  "eval/text_eval_loss": 1.3352426290512085,
  "eval/train_loss": 2.0643272399902344,
  "gen_eval/audio/eval_casual_hangout": "{'_type': 'audio-file', 'path': 'media/audio/gen_eval/audio/eval_casual_hangout_32_69f819bf19103cfe562e.wav', 'sha256': '69f819bf19103cfe562e2c295ac3f39e3cc97fef5e72f9a983c508452774628c', 'size': 11520044}",
  "gen_eval/audio/eval_creative_project": "{'_type': 'audio-file', 'path': 'media/audio/gen_eval/audio/eval_creative_project_32_594c29efa8c92e2ebfb7.wav', 'sha256': '594c29efa8c92e2ebfb7026c053915709a15dbfb1bd59a82fe5c132f44898327', 'size': 11520044}",
  "gen_eval/audio/eval_life_decision": "{'_type': 'audio-file', 'path': 'media/audio/gen_eval/audio/eval_life_decision_32_b2dafc89e73b3f67950d.wav', 'sha256': 'b2dafc89e73b3f67950df68141429af638ddb61a405294a8524089d35e0191ab', 'size': 11520044}",
  "gen_eval/audio/eval_relationship_advice": "{'_type': 'audio-file', 'path': 'media/audio/gen_eval/audio/eval_relationship_advice_32_94ec37217792eddbebf0.wav', 'sha256': '94ec37217792eddbebf059393c7c6cecfc128e2f6530c957a8d29659ed5487ca', 'size': 11520044}",
  "gen_eval/audio/eval_venting_work": "{'_type': 'audio-file', 'path': 'media/audio/gen_eval/audio/eval_venting_work_32_95be36c4d62d9fff7e23.wav', 'sha256': '95be36c4d62d9fff7e230150c3531784a3d21272f8fbc0e7b9075c385b958192', 'size': 11520044}",
  "gen_eval/backchannel_rate_per_hour": 312,
  "gen_eval/coherence_mean": 2.2,
  "gen_eval/effectiveness_mean": 2.8,
  "gen_eval/grounding_correct_pct": 60,
  "gen_eval/grounding_mean": 3.4,
  "gen_eval/grounding_n_claims": 12,
  "gen_eval/grounding_n_correct": 10,
  "gen_eval/grounding_n_fabricated": 2,
  "gen_eval/grounding_n_garbled": 0,
  "gen_eval/longest_silence_s": 2.08,
  "gen_eval/loudness_interturn_sd": 3.931666376911118,
  "gen_eval/n_dialogues_ok": 5,
  "gen_eval/naturalness_mean": 2.8,
  "gen_eval/pct_overlap": 26.08695652173913,
  "gen_eval/review_table_step_16": "{'_latest_artifact_path': 'wandb-client-artifact://ix1fdri9ep8u3ifegfi56kif23ardeguqka6coi5gffjjdto93zj4w8p68eb300n899t7xskpqnj4vd35ylb4ym31c2mwa2qq2l97p19tbfw95fstbdvnli75lnoazoo:latest/gen_eval/review_table_step_16.table.json', '_type': 'table-file', 'artifact_path': 'wandb-client-artifact://lciq9mneo0g0phqv4i3zrkvveyk8lkszvr78cb240vh1pfdhm0xxnjtadomx8lkhqj9x5muowggb4jek9wecg80vc5097csc4q36lk5sqsnt6tyfidgcx88i81yu4wd1/gen_eval/review_table_step_16.table.json', 'log_mode': 'IMMUTABLE', 'ncols': 13, 'nrows': 5, 'path': 'media/table/gen_eval/review_table_step_16_16_9b38436ff6784b8bc404.table.json', 'sha256': '9b38436ff6784b8bc40446f294c5a5fd6553758eab70bb99bb86b023abb92306', 'size': 1684}",
  "gen_eval/review_table_step_32": "{'_latest_artifact_path': 'wandb-client-artifact://7y680jbjpt2qg6kzwpeeqswn8wbkispqnoxq2vyu22koq6mxidbhv8gfioaixeyu2zqh2zwp4ivqr45f8zkxvur5u8asm7oyjrejbs9rb8g5ta5rerqy321vq00700cc:latest/gen_eval/review_table_step_32.table.json', '_type': 'table-file', 'artifact_path': 'wandb-client-artifact://eusm9x1tekx48yfbjueprrremixrw7med9jci3t44xhnu68oaz5si9qswyw0ijhf1fwlnxvbbut4ofcyubfeimunrf7uq7609klaud7rvbdkj1aaje8xhwq0sobmausj/gen_eval/review_table_step_32.table.json', 'log_mode': 'IMMUTABLE', 'ncols': 13, 'nrows': 5, 'path': 'media/table/gen_eval/review_table_step_32_32_35b687b77f694288bc96.table.json', 'sha256': '35b687b77f694288bc966a0587538fc01a0806e97c46c61af00161f195e2c5e8', 'size': 1558}",
  "gen_eval/silence_pct": 51.16,
  "gen_eval/speech_rate_wps": 4.289704545665617,
  "gen_eval/turn_duration_median_s": 1.2749999999999957,
  "gen_eval/turn_gap_median_ms": 515.0000000000019,
  "train/allocated_mem": 25.007922649383545,
  "train/audio_cb0_loss": 0.7554624137259641,
  "train/audio_cb10_loss": 1.7132139594863254,
  "train/audio_cb11_loss": 1.7691515602331955,
  "train/audio_cb12_loss": 1.736267781822578,
  "train/audio_cb13_loss": 1.8281044308473484,
  "train/audio_cb14_loss": 1.9548158683036911,
  "train/audio_cb15_loss": 1.8528163787545,
  "train/audio_cb1_loss": 1.2430090067701898,
  "train/audio_cb2_loss": 1.536753822504164,
  "train/audio_cb3_loss": 1.5962747585433346,
  "train/audio_cb4_loss": 1.592688274911343,
  "train/audio_cb5_loss": 1.6424464194562356,
  "train/audio_cb6_loss": 1.75846441620547,
  "train/audio_cb7_loss": 1.7153910363830531,
  "train/audio_cb8_loss": 1.1327374927825222,
  "train/audio_cb9_loss": 1.3877795305867495,
  "train/audio_loss": 1.4035724401474,
  "train/avg_wps": 10710.005161423089,
  "train/ctx_injected_pct": 0,
  "train/ctx_samples": 0,
  "train/eta_in_seconds": 12285.70836491701,
  "train/lora_l2_loss": 0.0003814697265625,
  "train/loss": 1.9256486892700195,
  "train/lr": 4.9450853621958505e-06,
  "train/pad_token_loss": 0.38581913709640503,
  "train/peak_allocated_mem": 62.32710075378418,
  "train/percent_done": 16.015625,
  "train/pred_pad_pct": 70.75277777777778,
  "train/prob_real_tokens": 0.7200228758169934,
  "train/real_token_loss": 1.2234809398651123,
  "train/real_token_pct": 8.857133112786057,
  "train/text_loss": 1.2234809398651123,
  "train/wps": 11853.023278768876
}