{
  "_runtime": 3397.412569003,
  "_step": 37,
  "_timestamp": 1775462480.0890825,
  "_wandb.runtime": 3397,
  "eval/audio_eval_loss": 1.4398363828659058,
  "eval/eval_loss": 2.8658440113067627,
  "eval/eval_pred_pad_pct": 72.1984126984127,
  "eval/eval_real_token_pct": 9.582468304181235,
  "eval/pad_token_eval_loss": 0.297848641872406,
  "eval/perplexity": 7.289621829986572,
  "eval/real_token_eval_loss": 1.4260074411119734,
  "eval/text_eval_loss": 1.426007628440857,
  "eval/train_loss": 2.1630561351776123,
  "gen_eval/audio/eval_casual_hangout": "{'_type': 'audio-file', 'path': 'media/audio/gen_eval/audio/eval_casual_hangout_32_ff660f0fe736bdb861db.wav', 'sha256': 'ff660f0fe736bdb861db01b8303301e112b914112f6507100a121e118a52f77d', 'size': 11520044}",
  "gen_eval/audio/eval_creative_project": "{'_type': 'audio-file', 'path': 'media/audio/gen_eval/audio/eval_creative_project_32_c9c53596e0986087a55c.wav', 'sha256': 'c9c53596e0986087a55cb93e4f5355a3874a2186dc3c2e17c3a512e1d5ed6772', 'size': 11520044}",
  "gen_eval/audio/eval_life_decision": "{'_type': 'audio-file', 'path': 'media/audio/gen_eval/audio/eval_life_decision_32_bf5c05fbedb8a56e73a2.wav', 'sha256': 'bf5c05fbedb8a56e73a228e96e7a14ac4359f52e24e0d13297ac79b8892773e1', 'size': 11520044}",
  "gen_eval/audio/eval_relationship_advice": "{'_type': 'audio-file', 'path': 'media/audio/gen_eval/audio/eval_relationship_advice_32_d043b15552f4acdce7ea.wav', 'sha256': 'd043b15552f4acdce7ea01f561efa5aaa2df772c44a2592b7725d0cf0d7dfc09', 'size': 11520044}",
  "gen_eval/audio/eval_venting_work": "{'_type': 'audio-file', 'path': 'media/audio/gen_eval/audio/eval_venting_work_32_3987c7d05cda68266f49.wav', 'sha256': '3987c7d05cda68266f4980d6dcd47c56699a47c61856565b515d286b453a747b', 'size': 11520044}",
  "gen_eval/backchannel_rate_per_hour": 372,
  "gen_eval/coherence_mean": 2,
  "gen_eval/effectiveness_mean": 2,
  "gen_eval/grounding_correct_pct": 12.5,
  "gen_eval/grounding_mean": 1.5,
  "gen_eval/grounding_n_claims": 12,
  "gen_eval/grounding_n_correct": 1,
  "gen_eval/grounding_n_fabricated": 10,
  "gen_eval/grounding_n_garbled": 1,
  "gen_eval/longest_silence_s": 2.08,
  "gen_eval/loudness_interturn_sd": 3.7142870693473338,
  "gen_eval/n_dialogues_ok": 5,
  "gen_eval/naturalness_mean": 2.8,
  "gen_eval/pct_overlap": 26.035502958579883,
  "gen_eval/review_table_step_16": "{'_latest_artifact_path': 'wandb-client-artifact://ce9vk55p6nd7ymtm13axad0tz00zz9c7lgclgp8zy8hgg75fe33l1po5tjsdmuw5g2b6i6zxu45p5sx0rs28j0900qvyt106ij51nx33pxxw6a8ea5d6bv88aoyrm4rv:latest/gen_eval/review_table_step_16.table.json', '_type': 'table-file', 'artifact_path': 'wandb-client-artifact://a4wfxit5kcq6wghwdnoiae0msde3ok52fdikk9h2w6b45ugvseufy3k25k2qxb66l0317ks1clgt1sju1g70cf62i6hd6y7ms34k9snq7vmthqoevdoyuw3ehbvhpw5d/gen_eval/review_table_step_16.table.json', 'log_mode': 'IMMUTABLE', 'ncols': 13, 'nrows': 5, 'path': 'media/table/gen_eval/review_table_step_16_16_e76f08b52a104ed1fbfa.table.json', 'sha256': 'e76f08b52a104ed1fbfa1fef97e749ee201897fcba97c213aa5fb69cce60c3da', 'size': 1560}",
  "gen_eval/review_table_step_32": "{'_latest_artifact_path': 'wandb-client-artifact://yohjus5jgmeacy4fk859ulgad8w7kphn2goi5wqvzedrgo1sdjokqd3wr1hvzo8lztxtoifvbzt56mrc120rmkdwu3e5h3hj1e4ce3qok63r98lbtzr2k878fbrx2115:latest/gen_eval/review_table_step_32.table.json', '_type': 'table-file', 'artifact_path': 'wandb-client-artifact://wongvaaqqo7bqd97ib023ccscgilno832j10ocu7trksbhhw6zgtirqapfrpyvwt41jl6p741b7tuuwyb1xbp1655jl4p4pldlgbu0u25ykk5em2eie0pychacbp2q9r/gen_eval/review_table_step_32.table.json', 'log_mode': 'IMMUTABLE', 'ncols': 13, 'nrows': 5, 'path': 'media/table/gen_eval/review_table_step_32_32_3fbe6eaea0f96611a9ac.table.json', 'sha256': '3fbe6eaea0f96611a9ac99e4638ac3efce4f9800e2821b7d5b751c1e74a39750', 'size': 1472}",
  "gen_eval/silence_pct": 54.25333333333333,
  "gen_eval/speech_rate_wps": 4.181495220165646,
  "gen_eval/turn_duration_median_s": 1.1849999999999996,
  "gen_eval/turn_gap_median_ms": 439.9999999999977,
  "train/allocated_mem": 22.695178508758545,
  "train/audio_cb0_loss": 0.8130780986879035,
  "train/audio_cb10_loss": 1.8756731207888824,
  "train/audio_cb11_loss": 1.9337639493262213,
  "train/audio_cb12_loss": 1.9135663777372265,
  "train/audio_cb13_loss": 1.9909592574396409,
  "train/audio_cb14_loss": 2.1057512457888827,
  "train/audio_cb15_loss": 2.0464117770915218,
  "train/audio_cb1_loss": 1.2450643292040988,
  "train/audio_cb2_loss": 1.5171853067097136,
  "train/audio_cb3_loss": 1.5920813447501403,
  "train/audio_cb4_loss": 1.5569085354084784,
  "train/audio_cb5_loss": 1.6248714731892195,
  "train/audio_cb6_loss": 1.730649257790567,
  "train/audio_cb7_loss": 1.6607896722346995,
  "train/audio_cb8_loss": 1.356416424010665,
  "train/audio_cb9_loss": 1.526279126895003,
  "train/audio_loss": 1.499863624572754,
  "train/avg_wps": 11124.684320289953,
  "train/ctx_injected_pct": 0,
  "train/ctx_samples": 0,
  "train/eta_in_seconds": 12047.802539039303,
  "train/lora_l2_loss": 0.00020122528076171875,
  "train/loss": 2.2308597564697266,
  "train/lr": 4.969857579585971e-06,
  "train/pad_token_loss": 0.30742916464805603,
  "train/peak_allocated_mem": 59.83632850646973,
  "train/percent_done": 14.453125,
  "train/pred_pad_pct": 73.64722222222223,
  "train/prob_real_tokens": 0.6945049019607843,
  "train/real_token_loss": 1.4807268381118774,
  "train/real_token_pct": 8.237706392316271,
  "train/text_loss": 1.4807268381118774,
  "train/wps": 12433.275276986637
}