{
  "_runtime": 8510.776285346,
  "_step": 131,
  "_timestamp": 1775345869.127991,
  "_wandb.runtime": 8510,
  "eval/audio_eval_loss": 1.4197083711624146,
  "eval/eval_loss": 2.6958396434783936,
  "eval/eval_pred_pad_pct": 69.55039682539683,
  "eval/eval_real_token_pct": 9.582468304181235,
  "eval/pad_token_eval_loss": 0.474743127822876,
  "eval/perplexity": 6.479307651519775,
  "eval/real_token_eval_loss": 1.2761313574654716,
  "eval/text_eval_loss": 1.2761313915252686,
  "eval/train_loss": 2.2385029792785645,
  "gen_eval/audio/eval_casual_hangout": "{'_type': 'audio-file', 'path': 'media/audio/gen_eval/audio/eval_casual_hangout_128_21d1bbe5007f490d5381.wav', 'sha256': '21d1bbe5007f490d5381c8e1cfab349489c19268bb63728648775f3ce1442dd5', 'size': 5760044}",
  "gen_eval/audio/eval_creative_project": "{'_type': 'audio-file', 'path': 'media/audio/gen_eval/audio/eval_creative_project_128_45b403dfd7e04c7b2f18.wav', 'sha256': '45b403dfd7e04c7b2f18d7760cab29c6418059ca7c2a0de1872576718fc04cda', 'size': 5760044}",
  "gen_eval/audio/eval_life_decision": "{'_type': 'audio-file', 'path': 'media/audio/gen_eval/audio/eval_life_decision_128_8852226cf9ea220f2231.wav', 'sha256': '8852226cf9ea220f2231aea50f5943ae8c040c090936d201e271d03325ef8586', 'size': 5760044}",
  "gen_eval/audio/eval_relationship_advice": "{'_type': 'audio-file', 'path': 'media/audio/gen_eval/audio/eval_relationship_advice_128_172eaa81a9e64c54fe83.wav', 'sha256': '172eaa81a9e64c54fe83bfd8c6f29b67fcc9c17c680ba9a0554c3a703eaa6272', 'size': 5760044}",
  "gen_eval/audio/eval_venting_work": "{'_type': 'audio-file', 'path': 'media/audio/gen_eval/audio/eval_venting_work_128_3c2d9cdab6d4c57708c2.wav', 'sha256': '3c2d9cdab6d4c57708c287e0da1ea3348bf6701110a748a4b6ba4f9679559f86', 'size': 5760044}",
  "gen_eval/backchannel_rate_per_hour": 156,
  "gen_eval/coherence_mean": 2.4,
  "gen_eval/effectiveness_mean": 2.2,
  "gen_eval/grounding_correct_pct": 50,
  "gen_eval/grounding_mean": 3,
  "gen_eval/grounding_n_claims": 2,
  "gen_eval/grounding_n_correct": 1,
  "gen_eval/grounding_n_fabricated": 0,
  "gen_eval/grounding_n_garbled": 1,
  "gen_eval/longest_silence_s": 2.08,
  "gen_eval/loudness_interturn_sd": 5.249885748003243,
  "gen_eval/n_dialogues_ok": 5,
  "gen_eval/naturalness_mean": 2.2,
  "gen_eval/pct_overlap": 10.227272727272728,
  "gen_eval/review_table_step_128": "{'_latest_artifact_path': 'wandb-client-artifact://e1ikl32furl8nf0l6rca9pjd3nfp9tu6y4pneeefcrl36i36gonyvzqr2uoalu771ni8e6l1zoxrg8f1w3bu8j1sx1ae3m89uy4m4js28khd9we5q0ivx594257dbxs6:latest/gen_eval/review_table_step_128.table.json', '_type': 'table-file', 'artifact_path': 'wandb-client-artifact://sxevr49svxu7iboq8d1kdp8ba6c5ucw4h46ttzfnpzezs41nc8saxmdyyk72jgx2x8h8z19wyfpv2j2v54djlgvfpff51brtkknof6akokcfhrhm6ap3f0ox4pfwt4fc/gen_eval/review_table_step_128.table.json', 'log_mode': 'IMMUTABLE', 'ncols': 13, 'nrows': 5, 'path': 'media/table/gen_eval/review_table_step_128_128_5acfe2a88199f7ed1497.table.json', 'sha256': '5acfe2a88199f7ed149768ce7c805eb39e95da5384e5311a07a715b3bd7425a8', 'size': 1551}",
  "gen_eval/review_table_step_32": "{'_latest_artifact_path': 'wandb-client-artifact://2ltgchw5675dz8uo7iud7k6pkz2evi43a4gxgctsvoo4k7pmc04sup3messcvw0b5x5mqicdvzh3v406z5bftqf2u1f5j99tntf22zehf6muvuk1ag22upaf9snrffgp:latest/gen_eval/review_table_step_32.table.json', '_type': 'table-file', 'artifact_path': 'wandb-client-artifact://nb3mfwn7f3p42ey8p6snaqs7nd0dfj7657yu2irdn6kwhdkiqwr51e7q4t5kfwbtn7fahshw4w14hkvfo04hnr9uu41r16msi23tx4wqs3pdi922do9ampcnau5sism3/gen_eval/review_table_step_32.table.json', 'log_mode': 'IMMUTABLE', 'ncols': 13, 'nrows': 5, 'path': 'media/table/gen_eval/review_table_step_32_32_b0d2be30a1726c63bbec.table.json', 'sha256': 'b0d2be30a1726c63bbec7a67e42e23743f0d6656806755ff76e94597131acd67', 'size': 1608}",
  "gen_eval/review_table_step_64": "{'_latest_artifact_path': 'wandb-client-artifact://dzxmohn5be38cv220lsf0m7b1faws49q9zqn76c91bwy03tse420i157v0rfnnfylx1yt2sgw7nl2l4oz3z8z0w0fhymbqqj3hz12art0pq971rajeeanxwaq4dga2dm:latest/gen_eval/review_table_step_64.table.json', '_type': 'table-file', 'artifact_path': 'wandb-client-artifact://5tkvbjtque8z53vc8tuzdidihdr9kb321t6xxa9llraq40o5rngbllblct2g66jx4s1pao629ary3ghg2u5imzrb6oocto2ouftaalbshfecouf7n5mlm2uh7t8dk2rv/gen_eval/review_table_step_64.table.json', 'log_mode': 'IMMUTABLE', 'ncols': 13, 'nrows': 5, 'path': 'media/table/gen_eval/review_table_step_64_64_2391eee8ad6c798e47ca.table.json', 'sha256': '2391eee8ad6c798e47cacdff2ff82b4871c639394d0744c31e62d7b75181d1f1', 'size': 1532}",
  "gen_eval/review_table_step_96": "{'_latest_artifact_path': 'wandb-client-artifact://xfci5dvnlplm4khuz6vztmis9a1mkxi1lixido16jjrppe2vvovpy7vniunj7p3eg6fkr870sr9wl7sd9dg24i0122wtun0ng03aov0k4md2repn2qlxn1dy9rpy2qzl:latest/gen_eval/review_table_step_96.table.json', '_type': 'table-file', 'artifact_path': 'wandb-client-artifact://eqck3tbbrpxrge9iwilu19q5t2f7l0di8joe4t4tgc7jp73dwibhpmc2pwe7tl2tbmk90pjl2mumvrifr5q194pweuppoqmj2xsx4gd5y8uv8hwq2fyqpypd4qqhx31e/gen_eval/review_table_step_96.table.json', 'log_mode': 'IMMUTABLE', 'ncols': 13, 'nrows': 5, 'path': 'media/table/gen_eval/review_table_step_96_96_e65339b52e6d2cb46b76.table.json', 'sha256': 'e65339b52e6d2cb46b76e22c94a8814589ef207ddc3347873f4d66f02c6817b8', 'size': 1563}",
  "gen_eval/silence_pct": 64.10666666666667,
  "gen_eval/speech_rate_wps": 4.174353351243239,
  "gen_eval/turn_duration_median_s": 1.129999999999999,
  "gen_eval/turn_gap_median_ms": 925,
  "train/allocated_mem": 22.695178508758545,
  "train/audio_cb0_loss": 0.6980438848181969,
  "train/audio_cb10_loss": 1.8816090511321069,
  "train/audio_cb11_loss": 1.9364892135082827,
  "train/audio_cb12_loss": 1.9122022106259888,
  "train/audio_cb13_loss": 1.9880074580662617,
  "train/audio_cb14_loss": 2.1001787451614917,
  "train/audio_cb15_loss": 2.064376385218097,
  "train/audio_cb1_loss": 1.1857408380504453,
  "train/audio_cb2_loss": 1.4822703464475984,
  "train/audio_cb3_loss": 1.526532779592941,
  "train/audio_cb4_loss": 1.5049370343586117,
  "train/audio_cb5_loss": 1.5608032704153834,
  "train/audio_cb6_loss": 1.6597888095188549,
  "train/audio_cb7_loss": 1.6423958680179804,
  "train/audio_cb8_loss": 1.2549432255481132,
  "train/audio_cb9_loss": 1.460590382554316,
  "train/audio_loss": 1.4416439533233645,
  "train/avg_wps": 11655.802596808446,
  "train/ctx_injected_pct": 0,
  "train/ctx_samples": 0,
  "train/eta_in_seconds": 20004.800018134007,
  "train/lora_l2_loss": 0.287109375,
  "train/loss": 2.2140493392944336,
  "train/lr": 1.7770926542565154e-06,
  "train/pad_token_loss": 0.3440852463245392,
  "train/peak_allocated_mem": 59.92666053771973,
  "train/percent_done": 25.5859375,
  "train/pred_pad_pct": 70.41944444444445,
  "train/prob_real_tokens": 0.8561748366013072,
  "train/real_token_loss": 1.206117868423462,
  "train/real_token_pct": 10.623219620648928,
  "train/text_loss": 1.206117868423462,
  "train/wps": 12348.486337813683
}