{
  "_runtime": 1358.410933616,
  "_step": 64,
  "_timestamp": 1775086681.304007,
  "_wandb.runtime": 1358,
  "eval/audio_eval_loss": 1.4052377939224243,
  "eval/eval_loss": 2.294903039932251,
  "eval/perplexity": 4.907209873199463,
  "eval/text_eval_loss": 0.8896653056144714,
  "eval/train_loss": 2.208376169204712,
  "train/allocated_mem": 19.79295969009399,
  "train/audio_cb0_loss": 0.703190912635104,
  "train/audio_cb10_loss": 2.0825893499597052,
  "train/audio_cb11_loss": 2.150114947904674,
  "train/audio_cb12_loss": 2.157553732299102,
  "train/audio_cb13_loss": 2.2030150439644256,
  "train/audio_cb14_loss": 2.3361632584043286,
  "train/audio_cb15_loss": 2.310548224153811,
  "train/audio_cb1_loss": 1.0706007691975592,
  "train/audio_cb2_loss": 1.283621137822358,
  "train/audio_cb3_loss": 1.404114514376583,
  "train/audio_cb4_loss": 1.3543554732471794,
  "train/audio_cb5_loss": 1.4277824948192497,
  "train/audio_cb6_loss": 1.53048885239178,
  "train/audio_cb7_loss": 1.4878494083510825,
  "train/audio_cb8_loss": 1.4485142595866392,
  "train/audio_cb9_loss": 1.6564768826991711,
  "train/audio_loss": 1.351921558380127,
  "train/avg_wps": 12371.897465490409,
  "train/ctx_injected_pct": 0,
  "train/ctx_samples": 0,
  "train/eta_in_seconds": 3165.8846275806427,
  "train/loss": 2.208376169204712,
  "train/lr": 3.578282705668713e-06,
  "train/peak_allocated_mem": 31.857221603393555,
  "train/percent_done": 25,
  "train/prob_real_tokens": 0.9196372549019608,
  "train/text_loss": 0.8564546704292297,
  "train/wps": 7461.123557439592
}