{
  "_runtime": 46380.618829161,
  "_step": 274,
  "_timestamp": 1775586499.9625068,
  "_wandb.runtime": 46380,
  "eval/audio_eval_loss": 1.3307586908340454,
  "eval/eval_loss": 1.8206058740615845,
  "eval/eval_pred_pad_pct": 62.958333333333336,
  "eval/eval_real_token_pct": 18.98867090356452,
  "eval/pad_token_eval_loss": 0.23969322939713797,
  "eval/perplexity": 3.5322952270507812,
  "eval/real_token_eval_loss": 0.49488213658332825,
  "eval/text_eval_loss": 0.4898470938205719,
  "eval/train_loss": 1.7342627843221028,
  "gen_eval/audio/eval_ace_inhibitor_lapse": "{'_type': 'audio-file', 'path': 'media/audio/gen_eval/audio/eval_ace_inhibitor_lapse_256_26236071dd30364d8fe4.mp3', 'sha256': '26236071dd30364d8fe4eb428cee4948eb0d65eaa195f47c131052a54998649b', 'size': 1324773}",
  "gen_eval/audio/eval_anticoagulant_routine": "{'_type': 'audio-file', 'path': 'media/audio/gen_eval/audio/eval_anticoagulant_routine_256_ced34c8699a2159f3458.mp3', 'sha256': 'ced34c8699a2159f3458a8fe16a72724609ff1c957d0c5f8d419ef85111ae953', 'size': 1329381}",
  "gen_eval/audio/eval_glp1_checkin": "{'_type': 'audio-file', 'path': 'media/audio/gen_eval/audio/eval_glp1_checkin_256_b4e9175b8c9915cf806a.mp3', 'sha256': 'b4e9175b8c9915cf806a2a8257e2bc152c32669e193fe25155c5b01d2d344033', 'size': 1540149}",
  "gen_eval/audio/eval_ssri_dropoff": "{'_type': 'audio-file', 'path': 'media/audio/gen_eval/audio/eval_ssri_dropoff_256_9ab935259da65695fbfa.mp3', 'sha256': '9ab935259da65695fbfa9571da192ef50309cc05a2262a0c9f762eda985c0963', 'size': 1615389}",
  "gen_eval/audio/eval_statin_baseline": "{'_type': 'audio-file', 'path': 'media/audio/gen_eval/audio/eval_statin_baseline_256_0c53726d95d173befac5.mp3', 'sha256': '0c53726d95d173befac52c7a5a46cdeff4dcd849e0a2096b1acd691744ae146d', 'size': 1599597}",
  "gen_eval/backchannel_rate_per_hour": 52.8,
  "gen_eval/coherence_mean": 1.6,
  "gen_eval/effectiveness_mean": 1.8,
  "gen_eval/grounding_correct_pct": 66.66666666666667,
  "gen_eval/grounding_mean": 3.6666666666666665,
  "gen_eval/grounding_n_claims": 13,
  "gen_eval/grounding_n_correct": 9,
  "gen_eval/grounding_n_fabricated": 4,
  "gen_eval/grounding_n_garbled": 0,
  "gen_eval/injection_accuracy_pct": 100,
  "gen_eval/injection_usage_pct": 0,
  "gen_eval/longest_silence_s": 4.4,
  "gen_eval/loudness_interturn_sd": 4.694576758631298,
  "gen_eval/n_dialogues_ok": 5,
  "gen_eval/naturalness_mean": 1.8,
  "gen_eval/pct_overlap": 15.384615384615383,
  "gen_eval/review_table_step_128": "{'_latest_artifact_path': 'wandb-client-artifact://kq47l8wu7wfuuzf21q9jbbaabbjpbz0vqhnlgqacebl4vfbltc4ctr6fadj27rf4om0z8d60qqu6dewsuu0pb5ksh5gq981fz71dy58sr9r5oy49fkajxeic2n8bh5px:latest/gen_eval/review_table_step_128.table.json', '_type': 'table-file', 'artifact_path': 'wandb-client-artifact://nlvwbxnryededlw3mvba9lc4wx83aym7aid51cmrjr7frtraev030rn6lp40l5hdjuaiiylhbqhncswhbnmby8iyv655qajjuagm0fdsgxoem31vstk0eoeg6c4sefws/gen_eval/review_table_step_128.table.json', 'log_mode': 'IMMUTABLE', 'ncols': 13, 'nrows': 5, 'path': 'media/table/gen_eval/review_table_step_128_128_d8be0e41b206d88d2464.table.json', 'sha256': 'd8be0e41b206d88d24649f7b4fed9f55ea35c77049eca1d6d7f7562c261f5c3a', 'size': 1678}",
  "gen_eval/review_table_step_192": "{'_latest_artifact_path': 'wandb-client-artifact://1pcfj1zxikqkcbnqrcutdhby3ofynxzz91ovqws10xcv7l1650r0w3w8g1d2whnwtnxbjpmxo0l067lu6a52q282q9tgb7oetnjatydffh0lcu3flrt2mzpk3lz8adxd:latest/gen_eval/review_table_step_192.table.json', '_type': 'table-file', 'artifact_path': 'wandb-client-artifact://hn491bqr5hew80pohc1l4h3rp3r2fvqj0f09rm2bxx9svh3xamlwywkcgxvsrj8axpewwpppzvvux2u0gk2net09k9moux0m1421t6n7mz7lf8rac8eqhk2jalc95hc2/gen_eval/review_table_step_192.table.json', 'log_mode': 'IMMUTABLE', 'ncols': 13, 'nrows': 5, 'path': 'media/table/gen_eval/review_table_step_192_192_7c66f6a53d2fa6d55a29.table.json', 'sha256': '7c66f6a53d2fa6d55a29702541bb5b0c8fedc9297c8d1647a53902630fad1f2d', 'size': 1699}",
  "gen_eval/review_table_step_256": "{'_latest_artifact_path': 'wandb-client-artifact://ex41ub6qyn4pxddl0usy5xwds5p1mh5guliy3zqqwibnhppj2v59moy8019gm9pixx7umb89ky0gn167kv5x75c4e3lq0g2pm12spxiis99bfd7jmc35h2gc59cjwmlz:latest/gen_eval/review_table_step_256.table.json', '_type': 'table-file', 'artifact_path': 'wandb-client-artifact://jd9h321wf4popcpjwk4r9p01odr1i9i0p16y2n4c1dgyg5u1nrjzom0f1zg3iofx0b4tngqmt7t995g9umeai8f2nwy4frq3rohv2eggb3oxywtt6wq5p50jz75miu85/gen_eval/review_table_step_256.table.json', 'log_mode': 'IMMUTABLE', 'ncols': 13, 'nrows': 5, 'path': 'media/table/gen_eval/review_table_step_256_256_85095273152d1aa7be24.table.json', 'sha256': '85095273152d1aa7be24d606c140ca7fa8cbcdb1c8749ccd61a406f42953dccc', 'size': 1613}",
  "gen_eval/review_table_step_64": "{'_latest_artifact_path': 'wandb-client-artifact://4vmfmz9p6hte2q1ze54ukdbma17tu5pxr7na4mu5xop1exehtn8p8vnqko66vt07w5m4j88c7dg6gnayietvlfyk7j69vgj540unyb5mwnl7ri0uqik155rc7qjh6gq2:latest/gen_eval/review_table_step_64.table.json', '_type': 'table-file', 'artifact_path': 'wandb-client-artifact://hb31jywjhjwcplziiqqb6onpiryopd14euzwuvpj7wkv755p3vm55c66bu5jnw84ds8ioadmh0u5mjejlbxnwgsj34xdlcs9bxtmzdw832g0cuxw42k70t4vsukwlw4i/gen_eval/review_table_step_64.table.json', 'log_mode': 'IMMUTABLE', 'ncols': 13, 'nrows': 5, 'path': 'media/table/gen_eval/review_table_step_64_64_788cd7ccdcae3d81953d.table.json', 'sha256': '788cd7ccdcae3d81953dc0c6dbe5ac87e8e1d466a69670cbca66b7241c6c1f77', 'size': 1623}",
  "gen_eval/silence_pct": 63.104,
  "gen_eval/speech_rate_wps": 4.324535531840709,
  "gen_eval/turn_duration_median_s": 2.0650000000000013,
  "gen_eval/turn_gap_median_ms": 1530.0000000000043,
  "train/allocated_mem": 7.414013862609863,
  "train/audio_cb0_loss": 0.8566700326570881,
  "train/audio_cb10_loss": 1.2745804071675175,
  "train/audio_cb11_loss": 1.309258969558009,
  "train/audio_cb12_loss": 1.294292387965235,
  "train/audio_cb13_loss": 1.3567204764794798,
  "train/audio_cb14_loss": 1.447282167086696,
  "train/audio_cb15_loss": 1.4191017889165067,
  "train/audio_cb1_loss": 1.4304177943793623,
  "train/audio_cb2_loss": 1.8797376020972516,
  "train/audio_cb3_loss": 1.8858157206035884,
  "train/audio_cb4_loss": 1.8937494718493344,
  "train/audio_cb5_loss": 1.9578723073456263,
  "train/audio_cb6_loss": 2.0507441413914793,
  "train/audio_cb7_loss": 2.050260310293362,
  "train/audio_cb8_loss": 0.8666633075546973,
  "train/audio_cb9_loss": 1.044117466669363,
  "train/audio_loss": 1.3264809052149455,
  "train/avg_wps": 5103.144477097173,
  "train/ctx_injected_pct": 2.720833333333333,
  "train/ctx_samples": 24,
  "train/eta_in_seconds": 119926.05789364688,
  "train/inj_drop_anchor": 0,
  "train/inj_drop_final": 0,
  "train/inj_drop_space": 0,
  "train/inj_in_window": 32,
  "train/inj_place_rate": 100,
  "train/inj_placed": 32,
  "train/inj_token_yield": 100,
  "train/inj_total": 153,
  "train/inj_truncated": 0,
  "train/lora_l2_loss": 0.0013275146484375,
  "train/loss": 1.7340779304504397,
  "train/lr": 1.7521246377155213e-05,
  "train/pad_token_loss": 0.2451846326390902,
  "train/peak_allocated_mem": 17.425355911254883,
  "train/percent_done": 26.7578125,
  "train/pred_pad_pct": 60.825,
  "train/prob_real_tokens": 0.9527977941176472,
  "train/real_token_loss": 0.4083882719278336,
  "train/real_token_pct": 19.50542446817551,
  "train/text_loss": 0.38487087190151215,
  "train/wps": 5096.196575237953
}