{
  "_runtime": 3598.207455683,
  "_step": 256,
  "_timestamp": 1775083548.9948192,
  "_wandb.runtime": 3598,
  "eval/audio_eval_loss": 1.4379470348358154,
  "eval/eval_loss": 1.8162965774536133,
  "eval/perplexity": 3.5217599868774414,
  "eval/text_eval_loss": 0.37834957242012024,
  "eval/train_loss": 1.796225666999817,
  "gen_eval/audio/eval_casual_hangout": "{'_type': 'audio-file', 'path': 'media/audio/gen_eval/audio/eval_casual_hangout_256_317fff1640c5988a3fbe.wav', 'sha256': '317fff1640c5988a3fbe62c406c7e900082b669565cfd965786899df324e6378', 'size': 5760044}",
  "gen_eval/audio/eval_creative_project": "{'_type': 'audio-file', 'path': 'media/audio/gen_eval/audio/eval_creative_project_256_b7558937ed7c608f5e88.wav', 'sha256': 'b7558937ed7c608f5e88a9f310e4cbe7d58a2ff364483c6f6247937f649e21c6', 'size': 5760044}",
  "gen_eval/audio/eval_life_decision": "{'_type': 'audio-file', 'path': 'media/audio/gen_eval/audio/eval_life_decision_256_59a9481b7b71622f5827.wav', 'sha256': '59a9481b7b71622f58278ce9a12a67bb00c0a1026ab23f98eb30ecd649016230', 'size': 5760044}",
  "gen_eval/audio/eval_relationship_advice": "{'_type': 'audio-file', 'path': 'media/audio/gen_eval/audio/eval_relationship_advice_256_de021a35ff0b0185cde7.wav', 'sha256': 'de021a35ff0b0185cde78cecdab3c352dad784e20ce2113ee4e638637bb52712', 'size': 5760044}",
  "gen_eval/audio/eval_venting_work": "{'_type': 'audio-file', 'path': 'media/audio/gen_eval/audio/eval_venting_work_256_8d4368b7d4903c676148.wav', 'sha256': '8d4368b7d4903c67614853ffcf6ea1bc24fbb2dcac7439713edf99501dfa04ac', 'size': 5760044}",
  "gen_eval/grounding_n_claims": 0,
  "gen_eval/grounding_n_correct": 0,
  "gen_eval/grounding_n_fabricated": 0,
  "gen_eval/grounding_n_garbled": 0,
  "gen_eval/longest_silence_s": 2.08,
  "gen_eval/n_dialogues_ok": 5,
  "gen_eval/review_table_step_128": "{'_latest_artifact_path': 'wandb-client-artifact://qhs7xtd11onshah8rpnqikf3npm5qsb1tq6nn90u9mid6emitybit3ltvnuv2ez4hkcfa3x268wuwczyxp7vulgtc5qimz7wygoaryq99rdg1xmaqfqc7ds6ruur4yru:latest/gen_eval/review_table_step_128.table.json', '_type': 'table-file', 'artifact_path': 'wandb-client-artifact://wvor4pute87mcobk9yl0bcdlnf8v1udjc26khowzar3whqbl0yc1n4qww6oighe4t4jn6ugpcsbcqijmlr0636i2ilt61bvsj6qcdgm0z6s9b7walgr9rm7s296siddr/gen_eval/review_table_step_128.table.json', 'log_mode': 'IMMUTABLE', 'ncols': 13, 'nrows': 5, 'path': 'media/table/gen_eval/review_table_step_128_128_c79a383c483271aa713f.table.json', 'sha256': 'c79a383c483271aa713f52f07c9941903a607c74039db5729541f17c46289ac4', 'size': 723}",
  "gen_eval/review_table_step_192": "{'_latest_artifact_path': 'wandb-client-artifact://jfn6pvrh1cucsy0bxn7je70hf8cjrrjak6n9hd4jsfghgdatyijmy8ogprq2z1of05nvneqodttec1lgob18v2htmhaugmt7vhtpj4syi3uoedzwaa81ubcm611ai78x:latest/gen_eval/review_table_step_192.table.json', '_type': 'table-file', 'artifact_path': 'wandb-client-artifact://008bn56f44ppl20gs0yoh83qbqterpeuaozfa1zzba4dqv943wsx7gcq7tftkkjx4pmab4yj20v1mpgjghyppzfcdaqox6bj25iofe0wlovaqa88tzpkuiztps34nzmc/gen_eval/review_table_step_192.table.json', 'log_mode': 'IMMUTABLE', 'ncols': 13, 'nrows': 5, 'path': 'media/table/gen_eval/review_table_step_192_192_c79a383c483271aa713f.table.json', 'sha256': 'c79a383c483271aa713f52f07c9941903a607c74039db5729541f17c46289ac4', 'size': 723}",
  "gen_eval/review_table_step_256": "{'_latest_artifact_path': 'wandb-client-artifact://xx2d9udxtimau7ehyjd46ttdxirr294foijfzd1dgsugzl5mcd4npic7j24cb8122yupbqxpr3cqbagn6fuo2hnw670bewgpjzwpv1xto63eyelweo899szj3q6rr67u:latest/gen_eval/review_table_step_256.table.json', '_type': 'table-file', 'artifact_path': 'wandb-client-artifact://7grbjm7rbqkox53pbka1dofalm749hsp7wsso89g2wxj2dy7alx2w98mqozdd1t6zcakate7d00q2r99m8edun184vnygvapkp1f9tbwkevqpjwdgo6r37k4wd59stg6/gen_eval/review_table_step_256.table.json', 'log_mode': 'IMMUTABLE', 'ncols': 13, 'nrows': 5, 'path': 'media/table/gen_eval/review_table_step_256_256_c79a383c483271aa713f.table.json', 'sha256': 'c79a383c483271aa713f52f07c9941903a607c74039db5729541f17c46289ac4', 'size': 723}",
  "gen_eval/review_table_step_64": "{'_latest_artifact_path': 'wandb-client-artifact://nr7uxb8843vreck11tiuh46fyoy5xkop049xg4g9zarr2ik9w7g17rhsig48ne2a6s8n3sjusjsr7ogltrfixciprd7ih8mqvrcc5soxavi6s44ut0woz1nbvd9c4jgd:latest/gen_eval/review_table_step_64.table.json', '_type': 'table-file', 'artifact_path': 'wandb-client-artifact://7995sqhoe9eueqsg76s7vgrzadcwltdovrz6yu4wmyejukh6fd0wkpyubigm7ooilhy4qu9ya67t7okmpqlybpizxbjwokfkgqnui5i0nn3tn1iz7ekaydrv2ywkbswa/gen_eval/review_table_step_64.table.json', 'log_mode': 'IMMUTABLE', 'ncols': 13, 'nrows': 5, 'path': 'media/table/gen_eval/review_table_step_64_64_c79a383c483271aa713f.table.json', 'sha256': 'c79a383c483271aa713f52f07c9941903a607c74039db5729541f17c46289ac4', 'size': 723}",
  "gen_eval/silence_pct": 65.09333333333333,
  "train/allocated_mem": 19.067502975463867,
  "train/audio_cb0_loss": 0.9060581533154052,
  "train/audio_cb10_loss": 1.7748171909492274,
  "train/audio_cb11_loss": 1.8439566456756544,
  "train/audio_cb12_loss": 1.762931830948439,
  "train/audio_cb13_loss": 1.885507054901845,
  "train/audio_cb14_loss": 1.9614377919524597,
  "train/audio_cb15_loss": 1.8916690072138127,
  "train/audio_cb1_loss": 1.307172175575528,
  "train/audio_cb2_loss": 1.6249990760998108,
  "train/audio_cb3_loss": 1.6790149006622517,
  "train/audio_cb4_loss": 1.6616968535655157,
  "train/audio_cb5_loss": 1.7177314000413908,
  "train/audio_cb6_loss": 1.856077138274598,
  "train/audio_cb7_loss": 1.7758524211112423,
  "train/audio_cb8_loss": 1.3648897870701162,
  "train/audio_cb9_loss": 1.5044279456401766,
  "train/audio_loss": 1.380490779876709,
  "train/avg_wps": 12271.412072151054,
  "train/ctx_injected_pct": 0,
  "train/ctx_samples": 0,
  "train/eta_in_seconds": 0,
  "train/loss": 1.796225666999817,
  "train/lr": 8e-12,
  "train/peak_allocated_mem": 24.970529556274418,
  "train/percent_done": 100,
  "train/prob_real_tokens": 0.9149607843137256,
  "train/text_loss": 0.4157348573207855,
  "train/wps": 5629.363762126921
}